epoch,time,train/box_loss,train/seg_loss,train/cls_loss,train/dfl_loss,metrics/precision(B),metrics/recall(B),metrics/mAP50(B),metrics/mAP50-95(B),metrics/precision(M),metrics/recall(M),metrics/mAP50(M),metrics/mAP50-95(M),val/box_loss,val/seg_loss,val/cls_loss,val/dfl_loss,lr/pg0,lr/pg1,lr/pg2
1,5.98629,1.17293,3.73773,3.00841,1.57619,0.52585,0.55922,0.4513,0.2935,0.31226,0.35714,0.28851,0.13188,0.75659,2.95758,3.1662,1.44522,5.001e-05,5.001e-05,5.001e-05
2,7.54636,1.1479,3.60049,3.02374,1.49484,0.47663,0.57143,0.47973,0.28369,0.313,0.42857,0.29979,0.12436,0.8167,3.07199,3.15308,1.58389,0.000116574,0.000116574,0.000116574
3,9.46743,1.12509,3.26919,2.71239,1.49042,0.5551,0.92857,0.82723,0.45377,0.70653,0.71429,0.76854,0.43062,1.36123,2.16828,5.75791,2.07078,0.000183007,0.000183007,0.000183007
4,12.0448,0.93699,1.97708,1.93546,1.33209,0.30406,0.78571,0.60044,0.32752,0.71997,0.42857,0.46854,0.34543,1.34294,3.46407,6.55593,1.90446,0.000249307,0.000249307,0.000249307
5,14.0766,0.82097,1.69558,1.46372,1.22513,0.63329,0.81023,0.76581,0.50395,0.41508,0.71429,0.55701,0.39854,1.07802,3.56511,2.99477,1.69369,0.000315476,0.000315476,0.000315476
6,16.1629,0.81562,1.69626,1.27095,1.23694,0.52497,0.64286,0.58998,0.46151,0.56633,0.69695,0.56071,0.37568,1.04853,5.56418,2.84534,1.60033,0.000381512,0.000381512,0.000381512
7,18.1984,0.82276,1.49565,1.12888,1.21405,0.74569,0.84403,0.81866,0.52953,0.80914,0.60626,0.64526,0.3761,1.10902,6.45464,2.51031,1.61453,0.000447416,0.000447416,0.000447416
8,20.596,0.84061,1.72105,1.08541,1.23849,0.55166,0.78571,0.7986,0.54942,0.61804,0.5,0.56698,0.43514,1.09876,4.04969,2.154,1.80958,0.000513189,0.000513189,0.000513189
9,22.9631,0.81535,1.49535,1.10519,1.20804,0.81597,0.85714,0.8321,0.41797,0.38118,0.5,0.4348,0.26373,1.53394,6.19735,3.00668,3.03349,0.000578829,0.000578829,0.000578829
10,25.0628,0.89187,1.38106,1.05804,1.31016,1,0.48702,0.62686,0.43268,1,0.48702,0.51361,0.27181,1.44811,10.1538,2.26513,2.32346,0.000644337,0.000644337,0.000644337
11,27.0599,0.91806,1.71245,1.03291,1.34672,0.68284,0.59759,0.67317,0.43783,0.36314,0.42857,0.38194,0.1537,1.44565,15.7444,2.15227,2.25252,0.000709714,0.000709714,0.000709714
12,29.0953,0.92816,1.76472,1.17364,1.30541,0.08617,0.42857,0.10478,0.07683,0.51667,0.07143,0.08095,0.07156,1.59958,26.2668,66.4077,2.11511,0.000774958,0.000774958,0.000774958
13,31.0283,0.84592,1.60437,0.93436,1.21709,0.43624,0.21429,0.21516,0.13645,0.43624,0.21429,0.21404,0.05737,2.38745,28.4326,16.1266,2.41282,0.00084007,0.00084007,0.00084007
14,32.9925,0.87274,1.66256,1.016,1.25616,0.49739,0.28571,0.3466,0.2017,0.14753,0.14286,0.10611,0.08018,2.21409,27.3534,19.5641,2.51139,0.00090505,0.00090505,0.00090505
15,35.1267,1.04557,1.76268,1.25841,1.45894,0.31784,0.28571,0.32758,0.25802,0.24916,0.21429,0.15483,0.1396,1.84194,26.862,2.45338,2.40937,0.000969898,0.000969898,0.000969898
16,37.1237,0.87683,1.64206,0.99181,1.28674,0.50934,0.21429,0.00845,0.00515,0.50661,0.14286,0.00437,0.00336,1.90528,39.4421,25.7342,3.36556,0.00103461,0.00103461,0.00103461
17,39.0964,0.85846,1.62683,0.99465,1.31711,0.3341,0.07143,0.09925,0.07676,0.3341,0.07143,0.07935,0.0688,2.07503,49.7534,3.41852,3.13207,0.0010992,0.0010992,0.0010992
18,41.1114,0.79845,1.51273,0.87222,1.23889,0.24422,0.21429,0.19588,0.15875,0.5,0.07143,0.08447,0.0354,2.23995,46.1651,6.23554,4.49529,0.00116365,0.00116365,0.00116365
19,43.1128,0.89513,1.57548,0.90211,1.33677,0.5,0.35223,0.38191,0.19668,0.11319,0.14286,0.06416,0.02398,1.81655,43.1425,7.91888,3.45533,0.00122797,0.00122797,0.00122797
20,45.1925,0.8294,1.5458,0.8507,1.25476,0.35353,0.34632,0.36393,0.19403,0.21185,0.21063,0.13909,0.04876,1.99158,50.6342,3.80702,3.95521,0.00129216,0.00129216,0.00129216
21,47.2462,0.91459,1.56174,0.99422,1.34403,0.36548,0.70665,0.42802,0.32954,0.33128,0.42857,0.35275,0.21111,1.78463,115.672,3.59203,3.9517,0.00135621,0.00135621,0.00135621
22,49.2624,0.88026,1.61371,0.9764,1.25786,0.46968,0.42857,0.42139,0.28394,0.95431,0.28571,0.34722,0.22107,1.59775,16.5921,3.40016,2.48532,0.00142014,0.00142014,0.00142014
23,51.197,0.90494,1.67151,0.97091,1.2981,0.32097,0.5,0.37291,0.24167,0.30687,0.42857,0.32957,0.15128,1.88661,20.556,3.54888,2.74232,0.00148393,0.00148393,0.00148393
24,53.2549,0.88844,1.57952,0.8894,1.30918,0.4203,0.44707,0.37782,0.24167,0.32351,0.28571,0.24436,0.08369,2.10237,44.1888,2.71278,3.33352,0.00154759,0.00154759,0.00154759
25,55.2933,0.95834,1.61244,0.87924,1.31452,0.63653,0.35714,0.26947,0.11151,0.01935,0.14286,0.01485,0.00299,2.56072,82.6054,2.98638,4.08899,0.00161112,0.00161112,0.00161112
26,57.3099,0.97476,1.49461,0.92597,1.39978,0.24072,0.5,0.22388,0.03854,0.51827,0.07143,0.01126,0.00504,2.36897,31.8336,10.9272,3.9107,0.00162574,0.00162574,0.00162574
27,59.2996,0.94433,1.5642,1.07626,1.3751,0.08472,0.35714,0.06315,0.02253,0.55097,0.07143,0.01911,0.0116,2.51667,28.1249,5.74833,3.9579,0.00162409,0.00162409,0.00162409
28,61.2285,0.9758,1.60157,0.97125,1.3582,0.27346,0.28571,0.21054,0.13903,0.27346,0.28571,0.18851,0.13063,2.17361,13.8137,2.63993,3.75946,0.00162244,0.00162244,0.00162244
29,63.302,1.02765,1.66336,1.022,1.40248,0.25683,0.35714,0.20293,0.1012,0.28251,0.21429,0.15968,0.11528,1.98055,11.6645,3.28038,3.32015,0.00162079,0.00162079,0.00162079
30,65.4159,0.98566,1.80892,0.97267,1.3912,0.30948,0.34614,0.23251,0.12806,0.28161,0.2775,0.21344,0.13925,2.67364,14.3606,2.59034,3.94292,0.00161914,0.00161914,0.00161914
31,67.4238,0.87032,1.53566,0.86677,1.25854,0.35459,0.42857,0.24882,0.14604,0.24021,0.35714,0.20315,0.13595,2.03816,14.0139,2.65204,3.21418,0.00161749,0.00161749,0.00161749
32,69.3934,0.88328,1.53269,0.8649,1.25153,0.3783,0.21429,0.25723,0.13081,0.84588,0.14286,0.16348,0.10149,2.00804,20.6547,5.58542,3.00727,0.00161584,0.00161584,0.00161584
33,71.3294,1.0136,1.92353,1.00739,1.41554,0.59331,0.35714,0.40413,0.25782,0.5,0.21175,0.32139,0.22763,1.95703,23.2934,2.17229,2.78179,0.00161419,0.00161419,0.00161419
34,73.3302,0.92206,1.56591,0.87236,1.3308,0.66499,0.35714,0.3371,0.18017,0.47824,0.14286,0.17592,0.13759,2.14084,48.3166,2.27831,2.87151,0.00161254,0.00161254,0.00161254
35,75.3963,1.0676,1.70889,1.01858,1.40951,0.39125,0.2711,0.31805,0.21051,0.22788,0.28571,0.22887,0.18579,2.07636,43.4537,2.25149,2.88906,0.00161089,0.00161089,0.00161089
36,77.3791,1.04007,1.8383,0.96929,1.39666,0.45123,0.57143,0.43526,0.31164,0.33959,0.42857,0.30309,0.13474,1.5565,10.3306,1.98579,2.16486,0.00160924,0.00160924,0.00160924
37,79.3961,0.91108,1.68042,0.90023,1.29759,0.39804,0.57143,0.49554,0.36268,0.34175,0.35714,0.2826,0.13973,1.59615,11.7388,2.24225,2.36445,0.00160759,0.00160759,0.00160759
38,81.363,1.04827,1.65655,1.02922,1.4054,0.46977,0.70972,0.52977,0.35289,0.35143,0.5,0.31003,0.14042,1.75387,11.9479,1.93639,2.40408,0.00160594,0.00160594,0.00160594
39,83.3795,0.92161,1.67814,0.88163,1.33777,0.5515,0.63908,0.63205,0.3807,0.31395,0.57143,0.43929,0.31053,1.39155,6.00422,2.11907,2.05695,0.00160429,0.00160429,0.00160429
40,85.4774,0.96849,1.62332,0.89823,1.39454,0.7464,0.64286,0.76254,0.47656,0.31033,0.5,0.42394,0.34504,1.49844,8.84529,1.75928,2.57274,0.00160264,0.00160264,0.00160264
41,87.4466,0.87689,1.5917,0.87129,1.29747,0.6634,0.8262,0.73683,0.47197,0.42927,0.57143,0.50369,0.40796,1.46259,8.03686,1.26317,2.5072,0.00160099,0.00160099,0.00160099
42,89.4769,0.80307,1.39288,0.76587,1.20758,0.65107,0.70286,0.64284,0.39932,0.43624,0.48992,0.47125,0.36935,1.5808,10.498,1.38198,2.46403,0.00159934,0.00159934,0.00159934
43,91.4186,0.90558,1.71691,0.88366,1.30407,0.45069,0.69538,0.55512,0.35121,0.39353,0.62549,0.44639,0.31567,1.68907,7.9685,1.48684,2.56091,0.00159769,0.00159769,0.00159769
44,93.4121,0.92293,1.74412,0.78864,1.27379,0.46198,0.76677,0.67604,0.33552,0.43729,0.5,0.45206,0.2446,1.9046,6.59101,1.852,2.8173,0.00159604,0.00159604,0.00159604
45,95.38,0.84391,1.51003,0.83546,1.26043,0.7444,0.63424,0.68806,0.34254,0.90525,0.28571,0.34577,0.28561,1.53335,7.70815,2.08979,2.31098,0.00159439,0.00159439,0.00159439
46,97.3795,0.96955,1.74028,0.87696,1.3645,0.88793,0.57143,0.68909,0.36212,0.39524,0.49107,0.39969,0.31533,1.8345,6.73117,1.77034,2.64932,0.00159274,0.00159274,0.00159274
47,99.3793,1.02563,1.65504,0.96529,1.40984,0.883,0.85714,0.85983,0.50625,0.64232,0.64286,0.60079,0.45564,1.28215,3.16388,1.41159,1.99883,0.00159108,0.00159108,0.00159108
48,101.377,0.8074,1.46568,0.78952,1.19909,0.55593,0.87605,0.6858,0.45198,0.42431,0.71429,0.51042,0.40315,1.27455,4.46051,1.93672,1.89825,0.00158943,0.00158943,0.00158943
49,103.397,0.866,1.5737,0.80179,1.27878,0.65433,0.78797,0.8168,0.53615,0.53923,0.69679,0.61024,0.40455,1.15878,6.92337,1.97875,1.8802,0.00158778,0.00158778,0.00158778
50,105.413,0.76939,1.51359,0.75697,1.20605,0.67043,0.79252,0.82893,0.53823,0.59845,0.71429,0.66442,0.41081,1.2547,7.10414,2.59203,1.90266,0.00158613,0.00158613,0.00158613
51,107.43,0.82806,1.5597,0.8834,1.23468,0.68186,0.78571,0.82076,0.52656,0.55616,0.71429,0.71429,0.44114,1.36619,6.69795,2.64531,2.16309,0.00158448,0.00158448,0.00158448
52,109.892,0.81707,1.43714,0.7731,1.22822,0.77744,0.85714,0.82469,0.52547,0.81231,0.78571,0.76272,0.49124,1.45471,3.57758,1.88056,2.30065,0.00158283,0.00158283,0.00158283
53,112.228,0.72652,1.3043,0.70248,1.16847,0.80903,0.87859,0.92626,0.61152,0.47664,0.71429,0.60531,0.44641,1.08808,5.73774,1.59226,1.87981,0.00158118,0.00158118,0.00158118
54,114.659,0.76867,1.45272,0.70745,1.20014,0.79855,0.76101,0.85624,0.50701,0.46859,0.57143,0.55392,0.41205,1.33283,5.76418,1.79069,2.04288,0.00157953,0.00157953,0.00157953
55,116.679,0.83111,1.49592,0.74642,1.24483,0.67045,0.73035,0.81932,0.48437,0.41664,0.57143,0.54045,0.42406,1.36458,5.31916,1.54858,2.01144,0.00157788,0.00157788,0.00157788
56,118.684,0.9559,1.43536,0.89002,1.36473,0.64587,0.71429,0.76146,0.48962,0.48314,0.57143,0.60898,0.43933,1.27408,6.23555,1.71325,1.91039,0.00157623,0.00157623,0.00157623
57,120.765,0.86157,1.44593,0.88018,1.35042,0.76104,0.91299,0.84474,0.52638,0.59637,0.64286,0.60901,0.43006,1.29118,7.81856,1.37375,2.16676,0.00157458,0.00157458,0.00157458
58,122.73,0.88087,1.47108,0.77903,1.29907,0.69666,0.92857,0.80013,0.51552,0.61444,0.71429,0.70415,0.46725,1.31493,4.75068,1.15063,2.19138,0.00157293,0.00157293,0.00157293
59,124.713,0.88214,1.48142,0.8305,1.31088,0.8057,0.76078,0.7859,0.54151,0.71406,0.64286,0.65767,0.47239,1.29238,4.10472,1.22523,2.08594,0.00157128,0.00157128,0.00157128
60,126.713,0.83915,1.38114,0.8198,1.23002,0.95313,0.84238,0.89772,0.63725,0.95313,0.84238,0.89772,0.50625,1.13345,3.21223,1.12024,1.82415,0.00156963,0.00156963,0.00156963
61,129.086,0.83846,1.53509,0.80949,1.25294,0.81194,0.85714,0.8114,0.60492,0.81194,0.85714,0.8114,0.49271,1.1251,2.8394,1.17661,1.7507,0.00156798,0.00156798,0.00156798
62,131.216,0.68294,1.22501,0.67784,1.11706,0.77433,0.85101,0.75978,0.60119,0.82474,0.64263,0.59703,0.50702,1.09965,2.88831,1.14996,1.72892,0.00156633,0.00156633,0.00156633
63,133.227,0.83443,1.43524,0.78635,1.29229,0.8499,0.85714,0.82349,0.62915,0.70267,0.71429,0.70139,0.52851,1.06527,2.3211,1.07327,1.69343,0.00156468,0.00156468,0.00156468
64,135.196,0.71282,1.10662,0.64811,1.15674,0.75848,0.85714,0.80003,0.58025,0.75848,0.85714,0.80003,0.51898,1.12806,2.14868,1.2023,1.78279,0.00156303,0.00156303,0.00156303
65,137.21,0.70274,1.02808,0.62031,1.19189,0.82814,0.92857,0.8761,0.54812,0.82814,0.92857,0.8761,0.52745,1.07202,2.01616,1.20171,1.97373,0.00156138,0.00156138,0.00156138
66,139.229,0.6583,1.16207,0.6472,1.15193,0.88556,0.91387,0.91671,0.59854,0.88556,0.91387,0.91671,0.54843,1.02639,1.51129,1.12436,1.79239,0.00155973,0.00155973,0.00155973
67,141.715,0.77527,1.27246,0.71463,1.22806,0.84885,0.85714,0.87729,0.6043,0.84885,0.85714,0.87505,0.55475,0.8916,1.64413,1.05922,1.63271,0.00155808,0.00155808,0.00155808
68,144.126,0.76859,1.20289,0.68778,1.17217,0.71532,0.8545,0.8411,0.61667,0.78124,0.92396,0.90296,0.58953,1.05654,1.49634,1.00795,1.75885,0.00155643,0.00155643,0.00155643
69,146.514,0.71511,1.10345,0.64881,1.1662,0.7162,0.91331,0.8875,0.63517,0.65918,0.85714,0.75801,0.52755,1.1285,2.26245,0.97487,1.83184,0.00155478,0.00155478,0.00155478
70,148.446,0.79739,1.2491,0.7595,1.2759,0.8743,0.78571,0.8819,0.58218,0.62544,0.785,0.64976,0.44952,1.19267,2.75049,0.9895,1.81192,0.00155313,0.00155313,0.00155313
71,150.463,0.75362,1.28546,0.65632,1.18346,0.69916,0.81803,0.82804,0.57902,0.95273,0.71429,0.80214,0.40424,1.10214,3.63648,1.09842,1.62698,0.00155148,0.00155148,0.00155148
72,152.496,0.76252,1.23136,0.66422,1.16698,0.76107,0.85714,0.80854,0.59032,0.76107,0.85714,0.80963,0.45832,0.99291,2.92791,0.94719,1.6598,0.00154983,0.00154983,0.00154983
73,154.512,0.6914,1.19848,0.65694,1.14854,0.77275,0.85714,0.80482,0.59952,0.77275,0.85714,0.79974,0.47417,0.96758,3.03392,0.87345,1.69504,0.00154818,0.00154818,0.00154818
74,156.547,0.74464,1.23668,0.69407,1.22047,0.81929,0.85714,0.82951,0.63558,0.81929,0.85714,0.82845,0.47531,0.90078,3.02929,0.91301,1.60434,0.00154653,0.00154653,0.00154653
75,158.563,0.69565,1.37145,0.64394,1.18187,0.64511,0.82666,0.72596,0.54707,0.60141,0.75555,0.68205,0.44305,1.03251,2.54675,1.11875,1.69958,0.00154488,0.00154488,0.00154488
76,160.528,0.68898,1.15114,0.67679,1.16489,0.67921,0.71429,0.62348,0.46852,0.62323,0.64286,0.57744,0.41076,1.25174,2.82633,1.2999,1.94373,0.00154323,0.00154323,0.00154323
77,162.562,0.70391,1.15769,0.68144,1.13448,0.67515,0.64286,0.64065,0.48264,0.65338,0.57143,0.57738,0.38614,1.38787,3.39191,1.25207,2.11339,0.00154157,0.00154157,0.00154157
78,164.529,0.74018,1.2419,0.65388,1.18381,0.83274,0.78571,0.82779,0.56487,0.7705,0.71429,0.75056,0.50687,1.09686,1.88986,0.97887,1.81945,0.00153992,0.00153992,0.00153992
79,166.507,0.68245,1.26888,0.64169,1.1548,0.81151,0.85714,0.82625,0.5514,0.74006,0.78571,0.74845,0.50452,1.20622,1.85381,1.12596,2.00335,0.00153827,0.00153827,0.00153827
80,168.398,0.68865,1.08596,0.6014,1.14623,0.85632,0.92857,0.90542,0.52501,0.9077,0.78571,0.83568,0.48581,1.11523,1.99009,1.27715,1.92298,0.00153662,0.00153662,0.00153662
81,170.39,0.70169,1.51512,0.65058,1.15077,0.88151,0.91731,0.91535,0.60611,0.80772,0.84942,0.80683,0.52918,1.18952,1.92055,1.07583,2.04787,0.00153497,0.00153497,0.00153497
82,172.393,0.67948,1.36493,0.69515,1.17684,0.8854,0.92857,0.89459,0.60004,0.81442,0.85714,0.81407,0.56986,1.20018,2.03186,0.89029,2.09356,0.00153332,0.00153332,0.00153332
83,174.398,0.71799,1.09968,0.62427,1.1799,0.8281,0.85714,0.82452,0.56111,0.76657,0.78571,0.75664,0.52265,1.24504,3.46554,0.95127,2.10864,0.00153167,0.00153167,0.00153167
84,176.316,0.67244,1.23972,0.62441,1.14496,0.89438,0.82506,0.82212,0.53404,0.82456,0.74917,0.77082,0.51163,1.21967,3.14885,1.10126,2.01474,0.00153002,0.00153002,0.00153002
85,178.293,0.7197,1.18554,0.64277,1.1804,0.67391,0.85714,0.77139,0.54214,0.63874,0.78571,0.70599,0.51859,1.12382,2.41694,1.04425,1.75024,0.00152837,0.00152837,0.00152837
86,180.276,0.6672,1.2142,0.60139,1.12762,0.76672,0.85714,0.84638,0.56676,0.69842,0.78571,0.70446,0.51424,1.00532,2.34223,0.97971,1.56089,0.00152672,0.00152672,0.00152672
87,182.243,0.67675,1.16182,0.59482,1.14455,0.82599,0.81963,0.86493,0.60945,0.79456,0.71429,0.80908,0.53845,1.02321,2.4451,0.99132,1.54618,0.00152507,0.00152507,0.00152507
88,184.261,0.72922,1.12981,0.6378,1.17798,0.61124,0.91588,0.82313,0.6121,0.70267,0.78571,0.78574,0.56435,0.98884,2.73923,1.04666,1.52592,0.00152342,0.00152342,0.00152342
89,186.324,0.66512,1.24595,0.62016,1.09921,0.77686,0.71429,0.79357,0.62054,0.77686,0.71429,0.79357,0.56177,0.91258,2.68012,1.08015,1.4123,0.00152177,0.00152177,0.00152177
90,188.243,0.65524,1.09561,0.55151,1.14353,0.78991,0.92857,0.89073,0.66687,0.78991,0.92857,0.89073,0.58091,0.95045,2.89806,0.98772,1.512,0.00152012,0.00152012,0.00152012
91,190.582,0.64808,1.14507,0.57673,1.12236,0.69003,0.92857,0.85262,0.61496,0.7406,0.83422,0.83124,0.53108,1.06514,3.10307,1.00815,1.57488,0.00151847,0.00151847,0.00151847
92,192.632,0.64773,1.23209,0.59099,1.13075,0.86431,0.84569,0.89645,0.57833,0.82963,0.71429,0.71932,0.50736,1.20257,3.10068,0.96958,1.6057,0.00151682,0.00151682,0.00151682
93,194.663,0.69755,1.33362,0.65077,1.1686,0.96827,0.85714,0.91889,0.58624,0.83837,0.71429,0.69246,0.49174,1.13331,2.97756,0.96861,1.5948,0.00151517,0.00151517,0.00151517
94,196.664,0.71528,1.1877,0.6226,1.16439,0.78432,0.92857,0.911,0.57177,0.70662,0.78571,0.74533,0.50318,1.08702,3.30842,0.99751,1.52644,0.00151352,0.00151352,0.00151352
95,198.589,0.81792,1.23468,0.78499,1.25484,0.78853,0.91854,0.91583,0.60329,0.58588,0.85714,0.6759,0.50594,1.0586,2.57675,0.92741,1.55472,0.00151187,0.00151187,0.00151187
96,200.547,0.74923,1.05736,0.60176,1.171,0.66341,0.92857,0.82378,0.58855,0.53118,0.71429,0.63863,0.50852,1.09363,3.45158,1.07624,1.6857,0.00151022,0.00151022,0.00151022
97,202.58,0.74166,1.18333,0.6573,1.13808,0.635,0.92857,0.82078,0.54241,0.62558,0.78571,0.71532,0.48592,1.14846,3.10918,1.22236,1.75552,0.00150857,0.00150857,0.00150857
98,204.548,0.81718,1.18428,0.70917,1.25323,0.71374,0.85714,0.80438,0.60762,0.57461,0.71429,0.68706,0.51793,0.91679,2.10743,1.02496,1.55337,0.00150692,0.00150692,0.00150692
99,206.497,0.80658,1.3691,0.69227,1.23317,0.70038,0.92001,0.85808,0.66329,0.75926,0.78571,0.81856,0.59994,0.90917,2.08058,1.0527,1.52661,0.00150527,0.00150527,0.00150527
100,208.809,0.7737,1.16384,0.64994,1.19207,0.82928,0.71429,0.83516,0.64167,0.82928,0.71429,0.76242,0.53893,0.97,3.75419,0.88208,1.54846,0.00150362,0.00150362,0.00150362
101,210.776,0.80619,1.38178,0.71295,1.25653,0.71761,0.78571,0.74403,0.57381,0.59087,0.78571,0.68499,0.4479,1.16371,4.69891,1.07564,1.66497,0.00150197,0.00150197,0.00150197
102,212.842,0.7539,1.70204,0.73199,1.17141,0.65557,0.71429,0.67296,0.50415,0.65557,0.71429,0.65995,0.4167,1.29345,4.60551,1.22084,1.78166,0.00150032,0.00150032,0.00150032
103,214.876,0.78318,1.67233,0.75538,1.18676,0.92171,0.85301,0.88261,0.53666,0.79856,0.69644,0.71942,0.49184,1.17561,3.31619,1.07117,1.70638,0.00149867,0.00149867,0.00149867
104,216.829,0.67071,1.22037,0.65655,1.10347,0.91846,0.78086,0.82462,0.55507,0.87537,0.71429,0.69732,0.53979,1.33761,3.06026,0.85929,1.91026,0.00149702,0.00149702,0.00149702
105,218.743,0.70008,1.24539,0.63767,1.14375,0.69222,0.78571,0.71267,0.54407,0.60444,0.71429,0.60367,0.4804,1.23044,3.59071,0.91631,1.73016,0.00149537,0.00149537,0.00149537
106,220.744,0.82636,1.63881,0.80505,1.2975,0.61876,0.78571,0.74266,0.54589,0.6193,0.71429,0.60549,0.48159,1.0506,2.9181,1.09537,1.53658,0.00149372,0.00149372,0.00149372
107,222.679,0.70347,1.43806,0.62339,1.14191,0.85166,0.71024,0.83094,0.53124,0.88732,0.5,0.51752,0.44551,1.35153,2.22747,1.35417,1.87038,0.00149207,0.00149207,0.00149207
108,224.716,0.79278,1.36145,0.67833,1.20671,0.77604,0.64286,0.73366,0.47011,0.88794,0.49513,0.49538,0.43573,1.48174,2.31146,1.47515,1.90816,0.00149041,0.00149041,0.00149041
109,226.679,0.74155,1.13333,0.66558,1.14756,0.62467,0.85714,0.86893,0.48051,0.88678,0.48914,0.51112,0.42577,1.30012,2.47805,1.81344,1.9276,0.00148876,0.00148876,0.00148876
110,228.599,0.73073,1.16843,0.65129,1.16506,0.71038,0.79685,0.80036,0.49723,0.56763,0.64286,0.67766,0.47278,1.18598,2.03462,1.69554,1.87783,0.00148711,0.00148711,0.00148711
111,230.596,0.68707,1.10436,0.61754,1.13272,0.75266,0.78571,0.80806,0.564,0.53567,0.91279,0.73417,0.50489,0.99361,1.84509,1.27293,1.65859,0.00148546,0.00148546,0.00148546
112,232.561,0.68402,1.09408,0.59877,1.1423,0.62116,0.85714,0.76667,0.53168,0.47286,0.78571,0.61858,0.47621,0.97144,2.27681,1.53,1.57773,0.00148381,0.00148381,0.00148381
113,234.55,0.7571,1.26971,0.64318,1.16957,0.75745,0.92857,0.93688,0.5723,0.44696,0.85714,0.68268,0.48637,0.96469,2.60075,1.21081,1.5348,0.00148216,0.00148216,0.00148216
114,236.496,0.66046,1.29263,0.60901,1.12397,0.80348,0.85714,0.90602,0.65056,0.63942,0.71429,0.6501,0.50167,0.85673,2.06595,0.91257,1.29107,0.00148051,0.00148051,0.00148051
115,238.445,0.60067,1.03982,0.59412,1.08646,0.84322,0.91943,0.94269,0.67216,0.76994,0.85219,0.81212,0.59046,0.82222,2.16142,0.82099,1.26703,0.00147886,0.00147886,0.00147886
116,240.829,0.60103,1.02815,0.54893,1.07514,0.75135,0.92857,0.93455,0.65325,0.69273,0.85714,0.78671,0.58599,0.83859,2.00045,0.73793,1.32997,0.00147721,0.00147721,0.00147721
117,242.784,0.67524,1.11832,0.62147,1.1557,0.81612,0.92857,0.896,0.65286,0.74858,0.85714,0.74942,0.52508,0.89771,2.89556,0.75909,1.39836,0.00147556,0.00147556,0.00147556
118,244.761,0.63101,1.06767,0.56946,1.10336,0.81662,0.85714,0.8985,0.65147,0.80702,0.85714,0.77484,0.54677,0.9966,2.98838,0.84582,1.51036,0.00147391,0.00147391,0.00147391
119,246.723,0.61342,0.96832,0.50895,1.12727,0.94139,0.85714,0.93038,0.62381,0.71125,0.73391,0.73434,0.52954,1.04194,2.41576,0.94331,1.80634,0.00147226,0.00147226,0.00147226
120,248.626,0.63132,0.97952,0.54859,1.11581,0.97061,0.85714,0.93229,0.60405,0.82362,0.79256,0.81905,0.54795,0.99948,2.3234,0.94034,1.82192,0.00147061,0.00147061,0.00147061
121,250.615,0.67186,1.2572,0.60314,1.15145,0.84335,0.92857,0.91722,0.66474,0.90949,0.78571,0.85319,0.62047,0.92183,1.54752,0.87839,1.58489,0.00146896,0.00146896,0.00146896
122,253.198,0.64208,1.16522,0.65078,1.1393,0.90935,0.90243,0.9319,0.69509,0.90935,0.90243,0.91621,0.67385,0.89915,1.97797,0.8484,1.52621,0.00146731,0.00146731,0.00146731
123,255.499,0.62732,0.95074,0.5679,1.0953,0.96787,0.85714,0.90679,0.67587,0.96787,0.85714,0.90008,0.64575,0.85692,1.49735,0.81903,1.42279,0.00146566,0.00146566,0.00146566
124,257.481,0.64288,0.92536,0.54826,1.17894,0.86476,0.85714,0.88108,0.67867,0.86476,0.85714,0.85867,0.60789,0.78584,1.4179,0.80207,1.37201,0.00146401,0.00146401,0.00146401
125,259.443,0.60829,0.9263,0.5385,1.08401,0.96826,0.85714,0.9215,0.66059,0.96826,0.85714,0.87727,0.56552,0.96747,1.71795,0.7661,1.59022,0.00146236,0.00146236,0.00146236
126,261.444,0.60906,1.0568,0.53149,1.06978,0.97686,0.85714,0.92331,0.65252,0.84047,0.71429,0.69359,0.52879,0.98089,1.96662,0.75767,1.62649,0.00146071,0.00146071,0.00146071
127,263.426,0.66473,1.09566,0.60485,1.11272,0.83889,0.92857,0.89688,0.62869,0.82532,0.77912,0.70888,0.55046,0.99901,2.09819,0.89268,1.62183,0.00145906,0.00145906,0.00145906
128,265.362,0.71465,1.04902,0.5586,1.12909,0.90745,0.92857,0.90607,0.65796,0.77624,0.78571,0.70892,0.54368,0.95364,2.28688,1.03509,1.50074,0.00145741,0.00145741,0.00145741
129,267.294,0.87288,1.40848,0.82012,1.41364,0.99516,0.83277,0.91626,0.6388,0.71324,0.85714,0.74065,0.52731,1.01158,2.02422,0.9753,1.60603,0.00145576,0.00145576,0.00145576
130,269.314,0.68398,1.17056,0.58401,1.14766,0.90355,0.9023,0.90616,0.6129,0.7587,0.77721,0.68278,0.51898,1.16108,2.04833,1.02651,1.76774,0.00145411,0.00145411,0.00145411
131,271.229,0.64495,1.00217,0.58139,1.10318,0.75262,0.88771,0.8828,0.61823,0.69605,0.82772,0.75858,0.52117,1.08985,1.99508,1.00515,1.71939,0.00145246,0.00145246,0.00145246
132,273.246,0.71593,1.15749,0.61793,1.1586,0.89326,0.85714,0.91818,0.62637,0.7935,0.78571,0.82183,0.53788,1.01362,1.92857,0.97345,1.58223,0.00145081,0.00145081,0.00145081
133,275.196,0.65149,1.11948,0.56339,1.12968,0.89891,0.91434,0.8971,0.65476,0.82418,0.83959,0.82203,0.57652,0.9492,1.74004,0.88226,1.54913,0.00144916,0.00144916,0.00144916
134,277.13,0.64173,0.97419,0.58458,1.10246,0.9467,0.85714,0.90335,0.68604,0.84848,0.78571,0.73072,0.56837,0.93561,2.0597,0.80658,1.65012,0.00144751,0.00144751,0.00144751
135,279.16,0.56781,0.8554,0.50114,1.06607,0.84613,0.91605,0.87304,0.65131,0.81668,0.77786,0.71595,0.56892,1.00217,2.13726,0.87834,1.64486,0.00144586,0.00144586,0.00144586
136,281.098,0.58898,0.8895,0.51455,1.0953,0.78386,0.92402,0.87623,0.61545,0.74157,0.71429,0.68927,0.51589,1.03659,2.22486,0.86101,1.67359,0.00144421,0.00144421,0.00144421
137,283.113,0.68873,1.1306,0.55452,1.16977,0.87022,0.78571,0.82057,0.60033,0.77065,0.71429,0.71643,0.49524,0.98358,2.09065,0.90977,1.57641,0.00144256,0.00144256,0.00144256
138,285.059,0.71821,1.28923,0.62792,1.16114,0.77861,0.85544,0.77056,0.59913,0.80685,0.77638,0.72414,0.49337,0.98188,1.85624,0.85477,1.58429,0.0014409,0.0014409,0.0014409
139,287.075,0.68645,1.08725,0.5696,1.13354,0.88076,0.85714,0.8241,0.61576,0.80015,0.78571,0.7136,0.5213,0.92093,1.84405,0.79313,1.48462,0.00143925,0.00143925,0.00143925
140,289.059,0.59556,0.86418,0.54247,1.09355,0.86359,0.85714,0.83417,0.58908,0.86359,0.85714,0.83417,0.54975,0.93652,1.86984,0.78236,1.55957,0.0014376,0.0014376,0.0014376
141,291.013,0.62119,1.02123,0.54791,1.07102,0.89156,0.89633,0.94563,0.63611,0.89156,0.89633,0.94563,0.61972,1.00271,1.91934,0.85121,1.60857,0.00143595,0.00143595,0.00143595
142,293.027,0.67093,1.2101,0.5722,1.1623,0.9115,0.9129,0.91705,0.64943,0.9115,0.9129,0.9209,0.63441,0.98299,1.63236,0.87375,1.59314,0.0014343,0.0014343,0.0014343
143,294.944,0.60405,1.02158,0.55451,1.08375,0.85632,0.85714,0.83311,0.60159,0.77749,0.78571,0.75323,0.56964,0.97026,1.98765,0.91483,1.69985,0.00143265,0.00143265,0.00143265
144,296.93,0.62144,0.92683,0.55069,1.11005,0.89612,0.85453,0.81039,0.59641,0.85259,0.78571,0.79164,0.56019,1.1381,2.39172,0.82341,2.00617,0.001431,0.001431,0.001431
145,298.95,0.63193,1.07703,0.55269,1.09861,0.80412,0.83945,0.84482,0.63685,0.71278,0.71429,0.71048,0.56695,0.99893,2.08705,0.92729,1.78529,0.00142935,0.00142935,0.00142935
146,300.913,0.61589,1.12896,0.52923,1.10036,0.81013,0.92857,0.898,0.68319,0.95394,0.71429,0.80717,0.6191,0.85945,1.87806,0.84589,1.47144,0.0014277,0.0014277,0.0014277
147,302.879,0.68077,1.0382,0.55118,1.13784,0.75277,0.92857,0.8861,0.63589,0.67886,0.77207,0.78874,0.57963,0.99935,2.19232,1.00857,1.61167,0.00142605,0.00142605,0.00142605
148,304.89,0.61234,1.13751,0.554,1.10671,0.61322,0.92857,0.85928,0.62785,0.70423,0.76166,0.77182,0.5848,0.99583,2.24872,1.213,1.54629,0.0014244,0.0014244,0.0014244
149,306.878,0.66348,1.09468,0.62552,1.14596,0.85714,0.75221,0.85417,0.63597,0.85714,0.75221,0.79528,0.57421,1.01601,2.31981,1.17232,1.65336,0.00142275,0.00142275,0.00142275
150,308.876,0.63412,1.08268,0.53553,1.0897,0.77582,0.85714,0.85846,0.61295,0.70261,0.78571,0.7455,0.56638,1.03655,2.29767,1.0283,1.77073,0.0014211,0.0014211,0.0014211
151,310.826,0.66666,1.20082,0.55425,1.12445,0.75187,0.91631,0.86276,0.6029,0.73756,0.71429,0.72738,0.55308,1.11884,2.16198,0.99593,1.83082,0.00141945,0.00141945,0.00141945
152,312.764,0.58361,0.90798,0.50547,1.08638,0.90749,0.92405,0.90389,0.6106,0.76914,0.78571,0.79978,0.56445,1.12466,2.25104,1.0307,1.84216,0.0014178,0.0014178,0.0014178
153,314.726,0.68772,1.32381,0.58008,1.16139,0.8201,0.92857,0.8753,0.58904,0.76565,0.85714,0.81747,0.60664,1.19126,1.81406,1.1032,1.90241,0.00141615,0.00141615,0.00141615
154,316.712,0.58056,1.0359,0.50966,1.06902,0.92766,0.84466,0.91688,0.58947,0.76214,0.70951,0.70579,0.56816,1.19531,1.62904,1.11691,1.97282,0.0014145,0.0014145,0.0014145
155,318.731,0.6456,1.0777,0.56782,1.12426,0.90226,0.92857,0.91863,0.63659,0.86077,0.78571,0.74532,0.57721,1.09902,1.62453,0.91256,1.87311,0.00141285,0.00141285,0.00141285
156,320.679,0.63606,0.98167,0.52439,1.10862,0.97507,0.85714,0.91797,0.64163,0.97507,0.85714,0.85812,0.57911,1.17755,1.73137,0.88393,1.8575,0.0014112,0.0014112,0.0014112
157,322.615,0.66614,1.1435,0.59141,1.0953,0.7583,0.85714,0.83578,0.61788,0.7982,0.71429,0.75849,0.59929,1.07577,1.76878,1.16086,1.6499,0.00140955,0.00140955,0.00140955
158,324.597,0.66701,1.03729,0.48864,1.09536,0.84032,0.84988,0.85218,0.63392,0.74648,0.71429,0.7373,0.56652,1.09539,1.83987,0.98899,1.63489,0.0014079,0.0014079,0.0014079
159,326.563,0.59754,1.01111,0.53063,1.10249,0.92609,0.91329,0.92558,0.62829,0.92609,0.91329,0.92558,0.61049,1.13739,1.84624,0.95307,1.63319,0.00140625,0.00140625,0.00140625
160,328.564,0.64947,1.04312,0.54775,1.07735,0.95485,0.9157,0.92578,0.65258,0.95485,0.9157,0.92578,0.6425,1.1409,1.60292,0.93749,1.60504,0.0014046,0.0014046,0.0014046
161,330.632,0.66246,1.2316,0.64733,1.11729,0.9059,0.89246,0.91622,0.68575,0.9059,0.89246,0.91622,0.67104,0.90681,1.55838,1.01717,1.41596,0.00140295,0.00140295,0.00140295
162,332.61,0.61325,1.0955,0.5818,1.09286,0.82225,0.92857,0.88528,0.67446,0.73387,0.85714,0.7861,0.58361,0.90277,1.86548,0.98514,1.50401,0.0014013,0.0014013,0.0014013
163,334.53,0.62012,0.984,0.52483,1.07666,0.90449,0.92857,0.9182,0.63026,0.77101,0.85714,0.80577,0.54739,0.97588,2.3723,0.93937,1.73857,0.00139965,0.00139965,0.00139965
164,336.562,0.65692,0.97649,0.54443,1.12522,0.98497,0.92857,0.92924,0.65597,0.80982,0.78571,0.78822,0.57809,1.00954,2.40392,0.88212,1.81088,0.001398,0.001398,0.001398
165,338.526,0.59201,1.00887,0.48953,1.09319,0.97019,0.92857,0.92737,0.65761,0.88927,0.85714,0.82299,0.59567,1.06145,2.42008,0.81925,1.83564,0.00139635,0.00139635,0.00139635
166,340.625,0.61663,1.01088,0.51162,1.09949,0.97971,0.92857,0.92647,0.71879,0.89785,0.85714,0.82132,0.67348,0.94384,1.99014,0.71352,1.64791,0.0013947,0.0013947,0.0013947
167,343.011,0.54375,0.88568,0.49324,1.06723,0.90981,0.92857,0.9162,0.70947,0.90981,0.92857,0.9162,0.6467,0.92719,1.84644,0.71566,1.53618,0.00139305,0.00139305,0.00139305
168,344.966,0.56897,0.99858,0.52619,1.06579,0.89916,0.92857,0.91582,0.67592,0.90253,0.85714,0.85828,0.61094,1.08752,2.2771,0.97401,1.70393,0.00139139,0.00139139,0.00139139
169,346.879,0.56334,0.85139,0.49526,1.04834,0.83163,0.81677,0.82338,0.63732,0.75126,0.7458,0.73213,0.54728,1.09109,2.54425,0.84559,1.70564,0.00138974,0.00138974,0.00138974
170,348.876,0.58339,0.82336,0.50397,1.13717,0.93383,0.82695,0.8909,0.61468,0.71035,0.85714,0.78852,0.54988,1.04949,2.48551,0.92775,1.64572,0.00138809,0.00138809,0.00138809
171,350.928,0.62397,0.95507,0.52818,1.11532,0.7914,0.85553,0.87568,0.65349,0.80515,0.92814,0.84961,0.61312,0.88512,1.52273,1.13036,1.43863,0.00138644,0.00138644,0.00138644
172,352.913,0.5608,0.87312,0.48179,1.08791,0.81024,0.92857,0.92648,0.62213,0.81024,0.92857,0.92648,0.64615,1.03335,1.69579,1.22068,1.59322,0.00138479,0.00138479,0.00138479
173,354.881,0.59901,1.09722,0.52442,1.07495,0.88784,0.92857,0.92659,0.63827,0.80327,0.85714,0.86042,0.5884,1.01916,2.18752,1.17493,1.56533,0.00138314,0.00138314,0.00138314
174,356.795,0.6456,1.05732,0.57557,1.12532,0.90857,0.92857,0.92055,0.65681,0.90857,0.92857,0.92055,0.5883,0.95555,1.98755,0.82842,1.4919,0.00138149,0.00138149,0.00138149
175,358.766,0.56332,1.02654,0.53947,1.06474,0.92178,0.85714,0.9269,0.67168,0.7709,0.79809,0.79871,0.5687,0.94435,2.13148,0.81017,1.57669,0.00137984,0.00137984,0.00137984
176,360.744,0.60788,0.95912,0.51471,1.08368,0.83321,0.78571,0.81422,0.63715,0.75954,0.71429,0.7528,0.53637,0.96578,2.31007,0.8936,1.64495,0.00137819,0.00137819,0.00137819
177,362.696,0.61145,0.9282,0.50134,1.11231,0.82195,0.78571,0.8275,0.58067,0.74136,0.71429,0.74207,0.5143,1.05885,2.55987,0.89203,1.76346,0.00137654,0.00137654,0.00137654
178,364.689,0.56662,0.81944,0.52825,1.06274,0.92058,0.7607,0.8561,0.58523,0.71766,0.78571,0.68384,0.48145,1.18084,2.78605,0.91573,1.90479,0.00137489,0.00137489,0.00137489
179,366.627,0.62966,1.14181,0.54531,1.13041,0.85647,0.87574,0.89967,0.56162,0.73487,0.73333,0.69884,0.4884,1.22526,2.76618,1.09039,1.92617,0.00137324,0.00137324,0.00137324
180,368.596,0.60743,1.03819,0.51563,1.08758,0.83402,0.79865,0.8376,0.5644,0.83402,0.79865,0.8218,0.50884,1.13812,2.62661,1.26359,1.80116,0.00137159,0.00137159,0.00137159
181,370.562,0.65991,1.01218,0.57181,1.10488,0.69565,0.84542,0.77147,0.58192,0.69368,0.67713,0.67167,0.52732,1.28375,2.78381,1.16947,1.9997,0.00136994,0.00136994,0.00136994
182,372.545,0.71858,1.29231,0.68515,1.15608,0.77062,0.78571,0.78814,0.54153,0.77062,0.78571,0.7818,0.55533,1.21335,2.42689,1.00255,1.90206,0.00136829,0.00136829,0.00136829
183,374.48,0.67987,1.0456,0.5847,1.11646,0.89803,0.85714,0.86813,0.54556,0.83657,0.78571,0.77439,0.55318,1.12707,2.26865,0.9589,1.89221,0.00136664,0.00136664,0.00136664
184,376.527,0.63607,0.96329,0.53987,1.12081,0.75981,0.85714,0.77325,0.60825,0.86338,0.78571,0.79033,0.54106,1.06254,2.35162,0.84876,1.82023,0.00136499,0.00136499,0.00136499
185,378.458,0.60539,1.0397,0.54711,1.05564,0.78497,0.85714,0.84037,0.69517,0.85502,0.8325,0.84807,0.55054,0.95507,2.30999,0.82882,1.63832,0.00136334,0.00136334,0.00136334
186,380.427,0.55161,0.87402,0.5031,1.03906,0.78872,0.81135,0.84357,0.66267,0.78872,0.81135,0.82716,0.52696,1.02658,2.41858,0.89521,1.70344,0.00136169,0.00136169,0.00136169
187,382.421,0.59298,1.00327,0.51948,1.07638,0.77684,0.85714,0.86587,0.66349,0.77684,0.85714,0.84537,0.54917,1.02174,2.14518,0.90758,1.72508,0.00136004,0.00136004,0.00136004
188,384.395,0.62746,0.92544,0.5397,1.10964,0.86875,0.92682,0.89769,0.64192,0.74873,0.76243,0.78357,0.55179,1.02037,1.96515,0.84815,1.72866,0.00135839,0.00135839,0.00135839
189,386.478,0.5977,0.85639,0.50018,1.13001,0.90024,0.84759,0.83573,0.62405,0.76507,0.71429,0.65325,0.54066,1.05428,2.00078,0.7451,1.75307,0.00135674,0.00135674,0.00135674
190,388.442,0.57136,0.84927,0.52185,1.09167,0.89251,0.85198,0.87843,0.6295,0.80818,0.78312,0.7326,0.55353,1.05787,2.00805,0.69701,1.71596,0.00135509,0.00135509,0.00135509
191,390.413,0.54894,0.89244,0.47449,1.0527,0.88046,0.85714,0.87368,0.66234,0.79482,0.78571,0.83721,0.58465,0.94058,1.54534,0.98407,1.46614,0.00135344,0.00135344,0.00135344
192,392.398,0.56254,0.96743,0.48214,1.05417,0.83194,0.92857,0.94583,0.72163,0.76095,0.85714,0.84919,0.61906,0.85973,1.60209,0.73436,1.38468,0.00135179,0.00135179,0.00135179
193,394.395,0.60361,0.94468,0.5026,1.09631,0.6843,0.85714,0.88087,0.67826,0.72717,0.85714,0.86081,0.57526,0.90898,1.93148,0.83214,1.45337,0.00135014,0.00135014,0.00135014
194,396.48,0.60161,1.01005,0.49426,1.06342,0.77339,0.85714,0.85791,0.6487,0.7231,0.85537,0.79647,0.53879,0.79945,1.97061,0.79729,1.32846,0.00134849,0.00134849,0.00134849
195,398.397,0.55813,0.8702,0.46975,1.03039,0.82278,0.85714,0.84885,0.66693,0.75246,0.78571,0.78712,0.53914,0.94743,1.96815,0.86708,1.47117,0.00134684,0.00134684,0.00134684
196,400.363,0.60766,1.09746,0.52574,1.08596,0.81466,0.84678,0.87379,0.63826,0.85095,0.71429,0.78782,0.5496,0.95239,1.69415,0.91457,1.48336,0.00134519,0.00134519,0.00134519
197,402.377,0.56333,1.01282,0.53522,1.05941,0.8971,0.92857,0.91151,0.63928,0.97155,0.845,0.94222,0.6121,1.03761,1.58138,0.99422,1.47626,0.00134354,0.00134354,0.00134354
198,404.346,0.58367,0.97993,0.5241,1.03885,0.9523,0.83283,0.92297,0.64269,0.84283,0.76369,0.82495,0.5587,1.01714,2.28136,0.85843,1.50185,0.00134188,0.00134188,0.00134188
199,406.33,0.6874,1.03937,0.55643,1.14283,0.88241,0.92857,0.95767,0.64797,0.9681,0.8407,0.92585,0.56236,1.0534,2.04174,0.81793,1.57445,0.00134023,0.00134023,0.00134023
200,408.244,0.66188,1.2334,0.60298,1.1987,0.97927,0.92857,0.96,0.63784,0.88881,0.85714,0.86112,0.59263,0.97842,1.50057,0.75186,1.59124,0.00133858,0.00133858,0.00133858
201,410.262,0.58755,0.93825,0.49474,1.05492,0.90693,0.92857,0.95562,0.61987,0.90693,0.92857,0.92652,0.59665,1.11677,1.66963,0.75931,1.75393,0.00133693,0.00133693,0.00133693
202,412.262,0.59296,0.86239,0.52299,1.08957,0.87865,0.85714,0.81383,0.59951,0.97929,0.92857,0.92633,0.59986,1.17529,1.65922,0.71687,1.84184,0.00133528,0.00133528,0.00133528
203,414.244,0.59786,0.90026,0.48682,1.05988,0.98728,0.91717,0.95767,0.64935,0.80799,0.78571,0.7775,0.57617,1.05089,1.6381,0.72323,1.65605,0.00133363,0.00133363,0.00133363
204,416.196,0.64974,1.1403,0.54059,1.1096,0.90348,0.91902,0.87223,0.6339,0.83165,0.85269,0.76084,0.58634,0.89912,1.77867,0.6956,1.46518,0.00133198,0.00133198,0.00133198
205,418.174,0.54173,0.88858,0.45915,1.00952,0.90067,0.92857,0.90934,0.71891,0.82919,0.85714,0.81793,0.62822,0.73083,1.83522,0.64664,1.25289,0.00133033,0.00133033,0.00133033
206,420.115,0.57978,0.97666,0.50507,1.09548,0.90045,0.92857,0.91005,0.71171,0.98169,0.92857,0.93005,0.62464,0.73321,1.73434,0.67286,1.28219,0.00132868,0.00132868,0.00132868
207,422.154,0.58445,1.0447,0.5356,1.0642,0.91154,0.92857,0.91684,0.7414,0.91154,0.92857,0.91684,0.67154,0.77381,1.57526,0.69826,1.29634,0.00132703,0.00132703,0.00132703
208,424.511,0.65707,1.2611,0.63957,1.10448,0.87461,0.92754,0.92795,0.67623,0.87461,0.92754,0.92795,0.64408,0.8088,1.58214,0.81776,1.35232,0.00132538,0.00132538,0.00132538
209,426.425,0.65051,1.19858,0.58224,1.0788,0.80919,0.92857,0.90531,0.67374,0.85587,0.85433,0.86833,0.6272,0.81829,1.49886,0.88449,1.33573,0.00132373,0.00132373,0.00132373
210,428.341,0.60753,1.14831,0.54251,1.08317,0.79656,0.91031,0.84359,0.66692,0.79656,0.91031,0.84109,0.63003,0.82833,1.33677,0.89124,1.38948,0.00132208,0.00132208,0.00132208
211,430.31,0.61196,1.0208,0.56676,1.10672,0.82451,0.92857,0.86089,0.67084,0.79433,0.91851,0.80756,0.56611,0.8164,1.74858,0.86192,1.44589,0.00132043,0.00132043,0.00132043
212,432.331,0.54989,0.98743,0.50494,1.04601,0.83972,0.85714,0.84863,0.64463,0.7364,0.78571,0.76583,0.54452,0.8129,1.88155,1.11912,1.45217,0.00131878,0.00131878,0.00131878
213,434.351,0.58011,0.93222,0.49563,1.05857,0.76383,0.92857,0.8477,0.64579,0.6412,0.78571,0.70106,0.55556,0.76516,1.96475,1.14487,1.38772,0.00131713,0.00131713,0.00131713
214,436.325,0.58451,0.94857,0.53196,1.08748,0.68657,0.85714,0.79903,0.66946,0.63782,0.92857,0.78079,0.56888,0.84006,1.64011,1.21551,1.38409,0.00131548,0.00131548,0.00131548
215,438.242,0.5428,1.08575,0.47765,1.02907,0.67912,0.85714,0.7953,0.63799,0.58716,0.85714,0.71063,0.54274,0.82105,1.45917,1.28962,1.33375,0.00131383,0.00131383,0.00131383
216,440.243,0.52419,1.02928,0.45142,1.0457,0.70909,0.85714,0.80548,0.66018,0.70909,0.85714,0.80548,0.51343,0.81376,1.76392,1.08349,1.35643,0.00131218,0.00131218,0.00131218
217,442.259,0.53472,0.90559,0.48307,1.02676,0.78682,0.92857,0.8598,0.70376,0.7259,0.85714,0.78543,0.51155,0.74138,2.00613,1.02154,1.36424,0.00131053,0.00131053,0.00131053
218,444.196,0.50101,0.8141,0.44641,1.00675,0.80199,0.91279,0.86378,0.69581,0.77413,0.85714,0.77056,0.5285,0.76594,1.64676,1.01652,1.43301,0.00130888,0.00130888,0.00130888
219,446.195,0.52136,0.87258,0.45821,1.03774,0.8068,0.92857,0.87006,0.65029,0.87132,0.85714,0.81111,0.57405,0.81767,2.00318,1.14091,1.49843,0.00130723,0.00130723,0.00130723
220,448.097,0.53702,0.97536,0.45216,1.05888,0.79202,0.92857,0.90589,0.68829,0.73999,0.85714,0.84477,0.63361,0.85403,1.99411,1.09517,1.53765,0.00130558,0.00130558,0.00130558
221,450.076,0.56284,0.92881,0.49898,1.06441,0.85082,0.92857,0.92586,0.67191,0.68878,0.85714,0.80514,0.59303,0.97442,2.27669,1.05283,1.64964,0.00130393,0.00130393,0.00130393
222,452.053,0.57084,0.84462,0.52225,1.05453,0.84239,0.88588,0.91048,0.64985,0.6848,0.74616,0.7667,0.5435,1.05008,2.26287,1.0876,1.59067,0.00130228,0.00130228,0.00130228
223,454.058,0.56653,0.8821,0.48492,1.07721,0.84384,0.92857,0.91707,0.66979,0.84384,0.92857,0.91707,0.54356,1.04216,2.06302,1.12021,1.64912,0.00130063,0.00130063,0.00130063
224,456.047,0.57591,0.92518,0.5306,1.0741,0.88872,0.92857,0.92556,0.69841,0.84679,0.92857,0.89484,0.6019,0.94602,1.93914,1.11988,1.53173,0.00129898,0.00129898,0.00129898
225,457.958,0.49131,0.82847,0.43576,1.01227,0.86484,0.85714,0.89365,0.67653,0.93207,0.92857,0.92546,0.58466,0.9309,1.86039,1.02544,1.47977,0.00129733,0.00129733,0.00129733
226,459.936,0.60958,0.94065,0.53423,1.11236,0.93754,0.92857,0.9255,0.66717,0.85488,0.85714,0.86951,0.53889,1.02426,2.15399,0.96995,1.58415,0.00129568,0.00129568,0.00129568
227,461.922,0.58936,0.82121,0.50854,1.07499,0.82127,0.84799,0.88025,0.69255,0.74702,0.71429,0.71848,0.5617,0.99663,2.06988,1.0398,1.59258,0.00129403,0.00129403,0.00129403
228,463.892,0.66347,1.05859,0.57882,1.0908,0.97311,0.91037,0.92585,0.75497,0.88752,0.85237,0.84008,0.64689,0.90329,1.64262,0.99008,1.46335,0.00129238,0.00129238,0.00129238
229,465.825,0.54808,0.90664,0.5404,1.05802,0.89108,0.92857,0.90586,0.68929,0.80859,0.85714,0.81174,0.61914,0.98821,1.56512,1.03271,1.55766,0.00129072,0.00129072,0.00129072
230,467.81,0.54613,0.91746,0.45621,1.05121,0.88978,0.92857,0.88534,0.67867,0.81846,0.85714,0.82129,0.62622,0.86538,1.46146,1.08238,1.36383,0.00128907,0.00128907,0.00128907
231,469.795,0.55144,0.90991,0.48571,1.03806,0.93973,0.92857,0.9264,0.68579,0.93973,0.92857,0.9264,0.6511,0.81876,1.3997,0.95876,1.29508,0.00128742,0.00128742,0.00128742
232,471.83,0.56591,0.86714,0.54227,1.07116,0.92072,0.92857,0.9266,0.67553,0.92072,0.92857,0.9266,0.61682,0.82508,1.41843,0.89511,1.3437,0.00128577,0.00128577,0.00128577
233,473.812,0.53726,0.90666,0.47978,1.04923,0.82905,0.85714,0.84215,0.6759,0.82905,0.85714,0.83873,0.61545,0.91518,1.47181,0.92162,1.45802,0.00128412,0.00128412,0.00128412
234,475.795,0.51191,0.85768,0.45955,1.04539,0.92068,0.91802,0.9301,0.69222,0.85803,0.71429,0.77639,0.61722,0.94869,1.60245,0.88298,1.54977,0.00128247,0.00128247,0.00128247
235,477.713,0.60612,1.44427,0.55044,1.09705,0.85416,0.92857,0.88824,0.64803,0.78192,0.85714,0.80102,0.60967,0.93082,1.75324,0.92094,1.55524,0.00128082,0.00128082,0.00128082
236,479.697,0.56258,0.89766,0.47719,1.04198,0.87887,0.9213,0.88583,0.65512,0.73431,0.78239,0.70001,0.57859,0.8808,1.63327,0.74968,1.49566,0.00127917,0.00127917,0.00127917
237,481.691,0.476,0.84775,0.45382,0.97761,0.88008,0.92857,0.9066,0.68373,0.88168,0.85714,0.84591,0.64262,0.92771,1.57284,0.78105,1.53323,0.00127752,0.00127752,0.00127752
238,483.709,0.4957,0.84572,0.49974,1.02765,0.88416,0.92857,0.90668,0.6907,0.88141,0.85714,0.84605,0.66246,0.89003,1.77037,0.77549,1.52308,0.00127587,0.00127587,0.00127587
239,485.631,0.50591,1.1124,0.51362,1.01308,0.86505,0.92857,0.90676,0.67976,0.96516,0.78571,0.83784,0.64102,0.84919,1.89543,0.75801,1.46509,0.00127422,0.00127422,0.00127422
240,487.574,0.52307,0.81573,0.5359,1.05731,0.83384,0.92857,0.87313,0.67302,0.87733,0.85714,0.84569,0.63403,0.86529,2.13024,0.73948,1.4738,0.00127257,0.00127257,0.00127257
241,489.577,0.5524,0.78641,0.50364,1.07329,0.89018,0.92635,0.88639,0.70733,0.87389,0.85714,0.84672,0.64855,0.88447,2.01205,0.76922,1.46296,0.00127092,0.00127092,0.00127092
242,491.594,0.49636,0.85041,0.45341,1.03414,0.96973,0.92857,0.92924,0.69378,0.96973,0.92857,0.92924,0.63671,0.86461,1.67513,0.77482,1.50803,0.00126927,0.00126927,0.00126927
243,493.541,0.51842,0.86494,0.41713,1.04946,0.97579,0.92857,0.93001,0.68776,0.81031,0.78571,0.78398,0.61908,0.93119,2.06576,0.82112,1.6385,0.00126762,0.00126762,0.00126762
244,495.494,0.54164,0.88155,0.48815,1.05396,0.9183,0.85714,0.8617,0.62207,0.81472,0.78571,0.76395,0.56633,0.99824,4.12604,0.85508,1.94253,0.00126597,0.00126597,0.00126597
245,497.531,0.55558,0.96594,0.52243,1.05259,0.84122,0.85714,0.88452,0.60911,0.75839,0.78571,0.77055,0.55403,1.03343,4.11604,0.91864,2.01643,0.00126432,0.00126432,0.00126432
246,499.441,0.58329,1.07181,0.50646,1.05372,0.67769,0.84975,0.76792,0.57376,0.61652,0.71429,0.64466,0.52491,1.02599,3.77888,0.90422,1.92165,0.00126267,0.00126267,0.00126267
247,501.341,0.66148,1.08343,0.58317,1.15376,0.9368,0.92857,0.93025,0.6093,0.85747,0.85714,0.83929,0.56052,1.09741,2.58811,0.94007,1.68138,0.00126102,0.00126102,0.00126102
248,503.328,0.65196,1.16171,0.55148,1.12922,0.83282,0.92857,0.91959,0.58962,0.68893,0.78571,0.73364,0.53627,1.13832,2.7335,0.85969,1.72489,0.00125937,0.00125937,0.00125937
249,505.307,0.644,1.08554,0.52928,1.1117,0.9506,0.91491,0.92924,0.58075,0.85067,0.78571,0.7501,0.54611,1.10414,2.70485,0.99701,1.66066,0.00125772,0.00125772,0.00125772
250,507.363,0.63157,1.07812,0.50284,1.10085,0.87401,0.91989,0.90894,0.58671,0.7932,0.78571,0.76753,0.54342,1.15407,3.3537,1.0398,1.70726,0.00125607,0.00125607,0.00125607
251,509.358,0.62055,0.92287,0.51986,1.09742,0.97681,0.85058,0.91924,0.64372,0.87468,0.78158,0.7641,0.5451,1.02021,2.90504,1.00365,1.55996,0.00125442,0.00125442,0.00125442
252,511.345,0.63657,1.08221,0.57988,1.06596,0.89071,0.92857,0.92096,0.6693,0.89071,0.92857,0.91096,0.60886,0.82511,1.67237,0.8503,1.40104,0.00125277,0.00125277,0.00125277
253,513.275,0.48676,0.77118,0.40684,1.0058,0.98063,0.85714,0.91856,0.71595,0.87498,0.92024,0.87784,0.60261,0.77216,1.51537,0.88216,1.3497,0.00125112,0.00125112,0.00125112
254,515.248,0.60154,0.9125,0.50412,1.10109,0.9813,0.85714,0.91166,0.69866,0.88207,0.85447,0.82587,0.60462,0.84259,1.63803,0.99436,1.39846,0.00124947,0.00124947,0.00124947
255,517.195,0.57522,1.03824,0.47752,1.06457,0.9717,0.85714,0.90213,0.69145,0.9717,0.85714,0.86326,0.61746,0.8187,1.55186,0.95133,1.31812,0.00124782,0.00124782,0.00124782
256,519.194,0.5679,0.89026,0.43446,1.05878,0.97527,0.84323,0.89843,0.69549,0.97527,0.84323,0.86346,0.63703,0.83799,1.46317,0.92174,1.32472,0.00124617,0.00124617,0.00124617
257,521.161,0.50276,0.82423,0.41479,0.99897,0.95117,0.84991,0.91111,0.69118,0.95117,0.84991,0.86082,0.59903,0.91991,1.69184,0.9094,1.4084,0.00124452,0.00124452,0.00124452
258,523.212,0.60663,0.90303,0.51149,1.04863,0.93684,0.85439,0.90717,0.60278,0.83412,0.78571,0.73509,0.50462,1.09863,2.53856,0.93978,1.6028,0.00124287,0.00124287,0.00124287
259,525.113,0.62123,0.85866,0.44907,1.08611,0.92893,0.84547,0.9199,0.63008,0.82476,0.77453,0.77502,0.51902,1.05881,2.2613,0.92411,1.56031,0.00124121,0.00124121,0.00124121
260,527.137,0.63819,0.96061,0.53867,1.06405,0.88724,0.9277,0.91912,0.63608,0.96483,0.8391,0.85991,0.57494,0.99962,1.63438,0.82934,1.66745,0.00123956,0.00123956,0.00123956
261,529.077,0.54278,0.85381,0.45892,1.02052,0.87872,0.92857,0.9096,0.6278,0.87872,0.92857,0.9096,0.56548,1.05445,1.75779,0.68922,1.7715,0.00123791,0.00123791,0.00123791
262,531.093,0.52066,0.78559,0.40429,1.06622,0.89177,0.90697,0.91231,0.61839,0.89177,0.90697,0.91231,0.55956,0.94281,1.73986,0.72502,1.59079,0.00123626,0.00123626,0.00123626
263,533.058,0.55955,0.85797,0.46237,1.06093,0.87466,0.92857,0.91118,0.62215,0.80418,0.85714,0.7942,0.57429,0.97003,1.76888,0.85207,1.62413,0.00123461,0.00123461,0.00123461
264,534.957,0.49737,0.73641,0.43867,1.02311,0.84194,0.92857,0.89462,0.59072,0.7738,0.85714,0.77412,0.53128,0.91871,2.28234,1.05857,1.48924,0.00123296,0.00123296,0.00123296
265,536.944,0.58986,0.89314,0.45555,1.09634,0.83811,0.92857,0.9154,0.6426,0.76911,0.85714,0.77814,0.56981,0.8974,1.90796,1.07805,1.44259,0.00123131,0.00123131,0.00123131
266,538.875,0.57952,0.8994,0.48281,1.06306,0.79535,0.92857,0.89643,0.69563,0.79535,0.92857,0.89643,0.64164,0.86516,1.36195,0.94718,1.43364,0.00122966,0.00122966,0.00122966
267,540.894,0.58228,0.87261,0.4531,1.07799,0.96219,0.92837,0.92562,0.71488,0.92901,0.85714,0.87062,0.60725,0.83154,1.50663,0.96764,1.43968,0.00122801,0.00122801,0.00122801
268,542.891,0.56836,0.88189,0.48392,1.06895,0.92313,0.92857,0.92568,0.69777,0.92313,0.92857,0.92568,0.60414,0.79948,1.3491,0.8983,1.42434,0.00122636,0.00122636,0.00122636
269,544.809,0.51776,0.84128,0.43464,1.0335,0.92365,0.92857,0.9171,0.67285,0.92365,0.92857,0.9171,0.61991,0.91437,1.30956,0.84579,1.55005,0.00122471,0.00122471,0.00122471
270,546.772,0.55241,0.78742,0.466,1.06753,0.91598,0.92857,0.92595,0.6455,0.83156,0.85714,0.8207,0.59829,0.97035,1.63258,0.8186,1.59389,0.00122306,0.00122306,0.00122306
271,548.76,0.56998,0.99535,0.50314,1.11584,0.90543,0.92857,0.92604,0.62195,0.82445,0.85714,0.82083,0.54495,0.97556,1.91248,0.8964,1.63224,0.00122141,0.00122141,0.00122141
272,550.744,0.49345,0.66851,0.42666,1.04194,0.90228,0.92857,0.92662,0.6177,0.81768,0.85714,0.83576,0.58163,0.95328,1.34581,0.9978,1.56706,0.00121976,0.00121976,0.00121976
273,552.729,0.50658,0.89084,0.43156,0.99862,0.83743,0.92857,0.90712,0.62853,0.76624,0.85714,0.81699,0.57583,0.96584,1.46095,0.87965,1.67978,0.00121811,0.00121811,0.00121811
274,554.664,0.54322,0.86811,0.50725,1.05971,0.90578,0.92857,0.9271,0.62649,0.82305,0.85714,0.83422,0.58116,1.0163,1.70191,0.91472,1.78483,0.00121646,0.00121646,0.00121646
275,556.612,0.55542,0.8011,0.46865,1.06451,0.8962,0.92857,0.91865,0.61495,0.8126,0.85714,0.82594,0.60491,1.0887,1.66585,0.71469,1.86604,0.00121481,0.00121481,0.00121481
276,558.598,0.53346,0.79031,0.44372,1.0349,0.91143,0.85714,0.90134,0.60513,0.91143,0.85714,0.90134,0.556,1.09136,1.92171,0.69928,1.79698,0.00121316,0.00121316,0.00121316
277,560.612,0.62744,0.90827,0.51086,1.08918,0.90951,0.92857,0.89253,0.59361,0.8245,0.85714,0.8114,0.58651,0.93112,1.7343,0.97766,1.5731,0.00121151,0.00121151,0.00121151
278,562.628,0.51745,0.86361,0.49252,1.03536,0.92368,0.92322,0.89177,0.59401,0.83922,0.85714,0.79907,0.56927,1.02693,1.69455,1.0957,1.70231,0.00120986,0.00120986,0.00120986
279,564.543,0.55179,0.89018,0.45529,1.06805,0.90328,0.92857,0.90107,0.60904,0.8383,0.92857,0.88107,0.58058,1.07652,1.7564,0.90364,1.73461,0.00120821,0.00120821,0.00120821
280,566.511,0.52833,0.86878,0.46448,1.04135,0.91013,0.92857,0.90054,0.57248,0.82957,0.85714,0.7958,0.5366,1.04667,1.82438,0.98042,1.73163,0.00120656,0.00120656,0.00120656
281,568.548,0.56641,0.98717,0.48867,1.08417,0.91615,0.92857,0.90027,0.63445,0.83332,0.85714,0.81953,0.55987,0.9417,1.75854,0.88825,1.66762,0.00120491,0.00120491,0.00120491
282,570.578,0.55444,0.82176,0.46596,1.07829,0.9256,0.91854,0.90195,0.6108,0.84132,0.85714,0.82223,0.59727,0.95601,1.69292,0.87781,1.69145,0.00120326,0.00120326,0.00120326
283,572.557,0.54624,0.8341,0.4994,1.05136,0.92488,0.92605,0.90209,0.62209,0.82948,0.85714,0.80997,0.60521,0.98727,1.56512,0.9183,1.73591,0.00120161,0.00120161,0.00120161
284,574.506,0.52828,0.80734,0.42415,1.05769,0.91202,0.92857,0.91959,0.61354,0.82859,0.85714,0.82747,0.5839,0.93065,1.5866,1.07409,1.61323,0.00119996,0.00119996,0.00119996
285,576.479,0.50219,0.8489,0.4113,1.06477,0.90706,0.92857,0.92115,0.62756,0.6568,0.71429,0.67589,0.51725,0.95246,2.20291,0.92005,1.62618,0.00119831,0.00119831,0.00119831
286,578.445,0.50579,0.73694,0.41022,1.01368,0.91178,0.92857,0.9299,0.65472,0.52025,0.64286,0.57139,0.49023,0.9491,3.16398,0.99184,1.55232,0.00119666,0.00119666,0.00119666
287,580.507,0.60061,0.91173,0.47685,1.07725,0.81594,0.92857,0.91908,0.64866,0.58891,0.57143,0.5717,0.47338,0.92886,3.4829,1.0537,1.46041,0.00119501,0.00119501,0.00119501
288,582.478,0.54487,0.94589,0.43789,1.04052,0.95297,0.92422,0.92783,0.68523,0.66433,0.64286,0.62981,0.52016,0.96523,2.70713,1.01077,1.52491,0.00119336,0.00119336,0.00119336
289,584.439,0.5292,0.96372,0.47801,1.03315,0.88422,0.92857,0.91763,0.64276,0.76291,0.78571,0.78715,0.54626,0.93784,2.25021,1.08764,1.5691,0.0011917,0.0011917,0.0011917
290,586.444,0.49801,0.86326,0.40779,0.99553,0.96575,0.85714,0.91158,0.607,0.84786,0.71054,0.70218,0.52286,0.91174,2.20378,1.05253,1.52696,0.00119005,0.00119005,0.00119005
291,588.457,0.56154,0.95425,0.4288,1.03838,0.87491,0.85714,0.91219,0.66612,0.68242,0.78337,0.71117,0.54009,0.80883,1.82495,0.98352,1.37974,0.0011884,0.0011884,0.0011884
292,590.474,0.56313,1.07598,0.44816,1.04116,0.96972,0.85714,0.91979,0.70596,0.96972,0.85714,0.91979,0.59374,0.81568,1.94303,0.85532,1.39948,0.00118675,0.00118675,0.00118675
293,592.427,0.55762,0.7786,0.41694,1.06542,0.96833,0.92857,0.9288,0.67841,0.88359,0.85714,0.83696,0.58064,0.93664,2.04567,0.74186,1.50813,0.0011851,0.0011851,0.0011851
294,594.417,0.58074,0.83789,0.45515,1.0539,0.95626,0.92857,0.92675,0.67187,0.94441,0.71429,0.76334,0.55725,0.97336,1.99494,0.73548,1.5616,0.00118345,0.00118345,0.00118345
295,596.343,0.48891,0.81727,0.45511,1.07167,0.95947,0.92857,0.92643,0.63557,0.75109,0.78571,0.70247,0.53273,1.01971,2.15281,0.72934,1.68136,0.0011818,0.0011818,0.0011818
296,598.356,0.53686,0.97405,0.44594,1.05532,0.98012,0.92608,0.92651,0.60881,0.95684,0.85714,0.85743,0.59269,1.01338,2.05036,0.77205,1.72837,0.00118015,0.00118015,0.00118015
297,600.346,0.56433,0.97695,0.43834,1.05746,0.89662,0.92857,0.90656,0.58905,0.84417,0.85714,0.84585,0.56777,1.08981,2.38717,0.94481,1.76477,0.0011785,0.0011785,0.0011785
298,602.34,0.54353,0.78748,0.45392,1.05527,0.96972,0.92857,0.92631,0.59096,0.98643,0.84933,0.85711,0.56101,1.12377,2.32272,0.87928,1.91212,0.00117685,0.00117685,0.00117685
299,604.428,0.50294,0.84165,0.45358,1.08146,0.97187,0.92857,0.9309,0.59468,0.87918,0.78571,0.75823,0.60873,1.06277,2.05906,0.81018,1.87753,0.0011752,0.0011752,0.0011752
300,606.423,0.50447,0.80666,0.42516,1.05988,0.98329,0.92857,0.92614,0.65562,0.90081,0.85714,0.821,0.62617,0.98727,2.18121,0.79355,1.70915,0.00117355,0.00117355,0.00117355
301,608.375,0.56296,0.99409,0.47176,1.09199,0.98507,0.92195,0.92628,0.66036,0.90423,0.85052,0.81286,0.60451,0.8765,2.1621,0.7908,1.5205,0.0011719,0.0011719,0.0011719
302,610.403,0.54185,0.97593,0.46199,1.05435,0.98204,0.92857,0.92644,0.66784,0.98204,0.92857,0.92644,0.63393,0.8198,1.84538,0.74728,1.44127,0.00117025,0.00117025,0.00117025
303,612.376,0.51469,0.74872,0.43982,1.05054,0.97692,0.92857,0.92633,0.6693,0.89392,0.85714,0.80283,0.58341,0.88546,1.98088,0.63655,1.51366,0.0011686,0.0011686,0.0011686
304,614.327,0.57541,0.96182,0.52341,1.09039,0.95018,0.89745,0.92919,0.67179,0.95018,0.89745,0.92919,0.58623,0.93613,2.03134,0.65204,1.59035,0.00116695,0.00116695,0.00116695
305,616.337,0.5036,0.74759,0.38096,1.05645,0.86221,0.92611,0.94727,0.70217,0.86221,0.92611,0.94727,0.64936,0.92289,1.75891,0.78158,1.53954,0.0011653,0.0011653,0.0011653
306,618.31,0.5163,0.93173,0.42759,1.02184,0.86715,0.92261,0.95205,0.73684,0.86715,0.92261,0.93083,0.70277,0.78208,1.51467,0.81683,1.34894,0.00116365,0.00116365,0.00116365
307,620.59,0.56639,0.82843,0.44767,1.06656,0.86791,0.92586,0.932,0.75517,0.86791,0.92586,0.932,0.68907,0.72804,1.48083,0.74251,1.31807,0.001162,0.001162,0.001162
308,622.893,0.50909,0.86219,0.37845,1.01704,0.82699,0.85714,0.90606,0.74988,0.82699,0.85714,0.90606,0.68935,0.78279,1.39103,0.75543,1.34128,0.00116035,0.00116035,0.00116035
309,624.932,0.54422,0.83263,0.43833,1.08405,0.83148,0.92857,0.89429,0.69486,0.83148,0.92857,0.89429,0.65295,0.86797,1.27366,0.80872,1.37683,0.0011587,0.0011587,0.0011587
310,626.903,0.60324,0.93224,0.44588,1.06533,0.86057,0.84163,0.8917,0.74303,0.78353,0.99365,0.95944,0.66955,0.79762,1.34627,0.6078,1.41721,0.00115705,0.00115705,0.00115705
311,628.844,0.51506,0.78878,0.41056,1.00201,0.89205,0.99637,0.9775,0.68683,0.82888,0.92649,0.84867,0.5625,0.86225,1.73462,0.60497,1.53849,0.0011554,0.0011554,0.0011554
312,630.743,0.58409,0.85107,0.43792,1.04013,0.97785,1,0.995,0.67671,0.97785,1,0.995,0.58249,0.88551,1.926,0.67008,1.52653,0.00115375,0.00115375,0.00115375
313,632.721,0.57424,0.89506,0.42994,1.0719,0.91443,1,0.98625,0.66748,0.78897,0.85714,0.85767,0.60036,0.93061,2.25055,0.676,1.54764,0.0011521,0.0011521,0.0011521
314,634.778,0.60647,0.79406,0.46055,1.02622,0.99081,0.90227,0.974,0.71807,0.86549,0.78571,0.80757,0.60217,0.8869,2.3966,0.65685,1.45695,0.00115045,0.00115045,0.00115045
315,636.76,0.63543,0.90381,0.47783,1.05778,0.97613,0.91744,0.97944,0.69142,0.78451,0.71429,0.6616,0.51333,0.83898,3.56876,0.67574,1.43481,0.0011488,0.0011488,0.0011488
316,638.755,0.55495,0.9275,0.46794,1.05005,0.80693,1,0.92883,0.71342,0.78734,0.71429,0.71789,0.53962,0.79614,3.67674,0.64859,1.40373,0.00114715,0.00114715,0.00114715
317,640.66,0.57428,0.86547,0.46476,1.04762,0.85113,1,0.96944,0.68543,0.62643,0.71429,0.58767,0.50487,0.84304,2.73954,0.59702,1.47438,0.0011455,0.0011455,0.0011455
318,642.614,0.57244,0.83837,0.45677,1.08645,0.91075,0.92857,0.96944,0.70087,0.87139,0.78571,0.81129,0.54023,0.83554,2.72625,0.59806,1.52032,0.00114385,0.00114385,0.00114385
319,644.575,0.52758,0.84967,0.42228,1.02092,0.8678,0.99138,0.96389,0.69273,0.85508,0.78571,0.81195,0.58098,0.87989,2.9011,0.64656,1.52461,0.0011422,0.0011422,0.0011422
320,646.556,0.56619,0.97947,0.49776,1.07809,0.85025,0.91099,0.92063,0.68058,0.76523,0.78571,0.83967,0.60523,0.91045,1.99614,0.74727,1.55476,0.00114054,0.00114054,0.00114054
321,648.548,0.53251,0.81653,0.45456,1.07409,0.90631,0.90801,0.92008,0.61313,0.8337,0.84936,0.84978,0.58043,0.94212,1.78145,0.84323,1.62033,0.00113889,0.00113889,0.00113889
322,650.476,0.54227,0.74646,0.44209,1.08367,0.8935,0.90832,0.9047,0.58778,0.64982,0.85714,0.69184,0.53614,1.05596,2.04423,0.86584,1.75095,0.00113724,0.00113724,0.00113724
323,652.476,0.56895,0.93156,0.46086,1.08548,0.89528,0.89813,0.92151,0.63463,0.74407,0.7621,0.69327,0.53804,0.98052,1.82504,0.83899,1.71409,0.00113559,0.00113559,0.00113559
324,654.475,0.57043,0.95847,0.47757,1.0873,0.90128,0.83536,0.87597,0.64788,0.81467,0.77,0.80792,0.62894,0.86118,1.50073,0.76284,1.60288,0.00113394,0.00113394,0.00113394
325,656.477,0.50604,0.86052,0.47389,1.02201,0.89979,0.85714,0.85955,0.62324,0.80906,0.78571,0.77071,0.57777,0.90283,1.38447,0.79184,1.58268,0.00113229,0.00113229,0.00113229
326,658.428,0.49814,0.67327,0.37595,1.04099,0.89001,0.85568,0.81132,0.61395,0.89001,0.85568,0.81132,0.56328,0.96859,1.32192,0.76378,1.65065,0.00113064,0.00113064,0.00113064
327,660.357,0.51796,0.82675,0.41026,1.03255,0.88166,0.85714,0.81163,0.63904,0.96829,0.92857,0.92756,0.60283,0.90097,1.35919,0.72223,1.58363,0.00112899,0.00112899,0.00112899
328,662.336,0.49998,0.72896,0.38584,1.0295,0.9815,0.92857,0.92815,0.70958,0.9815,0.92857,0.92815,0.63612,0.84653,1.36985,0.69728,1.5484,0.00112734,0.00112734,0.00112734
329,664.307,0.55741,0.8375,0.47895,1.04962,0.98282,0.92857,0.92811,0.69708,0.98282,0.92857,0.92811,0.65731,0.85202,1.33466,0.71613,1.49993,0.00112569,0.00112569,0.00112569
330,666.262,0.56601,0.9306,0.46894,1.07002,0.98298,0.92857,0.92723,0.70801,0.98298,0.92857,0.92723,0.67312,0.83123,1.27917,0.72494,1.42932,0.00112404,0.00112404,0.00112404
331,668.259,0.51304,0.81014,0.4071,1.03043,0.98149,0.92857,0.9267,0.74197,0.98149,0.92857,0.9267,0.70517,0.80673,1.31057,0.75464,1.35877,0.00112239,0.00112239,0.00112239
332,670.609,0.52724,0.85848,0.45211,1.01616,0.96404,0.92857,0.92687,0.74055,0.96404,0.92857,0.92687,0.71441,0.78273,1.33638,0.72875,1.3037,0.00112074,0.00112074,0.00112074
333,672.978,0.47091,0.73887,0.4268,0.99453,0.97344,0.92721,0.92666,0.7209,0.97344,0.92721,0.92666,0.6865,0.78087,1.47509,0.70816,1.27484,0.00111909,0.00111909,0.00111909
334,674.94,0.53339,0.81956,0.45271,1.01548,0.96248,0.91355,0.92668,0.70637,0.80751,0.85714,0.79878,0.65704,0.82938,1.56439,0.72084,1.35621,0.00111744,0.00111744,0.00111744
335,676.909,0.57087,0.82408,0.46925,1.06841,0.9443,0.92857,0.92663,0.72083,0.9443,0.92857,0.92663,0.67968,0.83875,1.45676,0.78397,1.35881,0.00111579,0.00111579,0.00111579
336,678.889,0.5932,0.7724,0.44515,1.06111,0.90654,0.92857,0.92629,0.709,0.90654,0.92857,0.92629,0.64011,0.8383,1.4752,0.86817,1.39037,0.00111414,0.00111414,0.00111414
337,680.91,0.53589,0.96912,0.47155,1.06105,0.91845,0.92402,0.90859,0.70839,0.91845,0.92402,0.90859,0.62042,0.74592,1.5342,0.7923,1.38291,0.00111249,0.00111249,0.00111249
338,682.844,0.63572,0.84021,0.57082,1.18517,0.83474,0.92857,0.89881,0.66834,0.83474,0.92857,0.89881,0.62473,0.89148,1.69673,0.79088,1.54949,0.00111084,0.00111084,0.00111084
339,684.862,0.49279,0.72113,0.4035,1.00712,0.90586,0.85714,0.89009,0.67137,0.75039,0.85714,0.7679,0.5689,0.86478,1.90288,0.86299,1.53129,0.00110919,0.00110919,0.00110919
340,686.893,0.48142,0.77984,0.3865,0.99909,0.89399,0.92857,0.9086,0.69707,0.80535,0.85714,0.79177,0.57367,0.86654,1.95407,0.82446,1.51123,0.00110754,0.00110754,0.00110754
341,688.86,0.53468,0.88966,0.44286,1.02341,0.96641,0.84169,0.91591,0.68486,0.77238,0.85714,0.79347,0.61251,0.79927,1.53797,0.79119,1.4106,0.00110589,0.00110589,0.00110589
342,690.838,0.5466,0.75995,0.40641,1.03826,0.88592,0.84165,0.89099,0.73797,0.88592,0.84165,0.89099,0.66535,0.73602,1.54236,0.74824,1.3068,0.00110424,0.00110424,0.00110424
343,692.849,0.51047,1.27496,0.41778,1.00727,0.90859,0.90819,0.89535,0.74169,0.90514,0.85431,0.8844,0.67235,0.77616,1.7281,0.76027,1.3755,0.00110259,0.00110259,0.00110259
344,694.769,0.45706,0.63733,0.38344,0.96559,0.90519,0.92857,0.91613,0.70266,0.90519,0.92857,0.91613,0.65235,0.73512,1.77907,0.77861,1.36869,0.00110094,0.00110094,0.00110094
345,696.761,0.4881,0.75248,0.39633,1.00673,0.98479,0.92777,0.92604,0.68083,0.89464,0.85714,0.82083,0.57339,0.80864,1.87893,0.81598,1.48307,0.00109929,0.00109929,0.00109929
346,698.739,0.46548,0.8659,0.40345,0.98805,0.98244,0.90448,0.92595,0.66515,0.89358,0.84002,0.82069,0.5488,0.82605,2.00298,0.9107,1.51228,0.00109764,0.00109764,0.00109764
347,700.756,0.4943,0.84648,0.40243,1.03889,0.98355,0.90249,0.9262,0.66187,0.89435,0.83408,0.82111,0.54335,0.89617,1.99489,0.80773,1.6126,0.00109599,0.00109599,0.00109599
348,702.742,0.54079,0.96789,0.44523,1.06801,0.97665,0.92857,0.92634,0.66258,0.85845,0.78571,0.78317,0.54252,0.87048,2.11802,0.80358,1.5642,0.00109434,0.00109434,0.00109434
349,704.673,0.46979,0.77999,0.38666,0.99811,0.98558,0.92857,0.92615,0.65058,0.94902,0.85714,0.89434,0.56055,0.87054,1.71368,0.83909,1.50541,0.00109269,0.00109269,0.00109269
350,706.606,0.48991,0.82591,0.39044,1.01878,0.98702,0.92857,0.926,0.61833,0.90886,0.85714,0.898,0.5777,1.01202,1.58539,0.7593,1.64969,0.00109103,0.00109103,0.00109103
351,708.573,0.53403,0.93884,0.4451,1.05407,0.97,0.92857,0.92591,0.63838,0.89812,0.85714,0.90257,0.56279,1.12673,1.69735,0.85896,1.7604,0.00108938,0.00108938,0.00108938
352,710.525,0.55095,0.99269,0.43861,1.09336,0.93047,0.92857,0.92588,0.63692,0.92425,0.85714,0.85775,0.55937,0.98086,1.88886,0.97241,1.55857,0.00108773,0.00108773,0.00108773
353,712.573,0.50973,0.81287,0.41103,1.04191,0.92393,0.92478,0.91709,0.69373,0.87251,0.65637,0.7077,0.56092,0.9739,2.39004,0.80822,1.64396,0.00108608,0.00108608,0.00108608
354,714.557,0.48179,0.78932,0.41558,0.97504,0.82906,0.85714,0.87841,0.66554,0.63527,0.71429,0.64104,0.49612,1.02048,2.80194,0.90063,1.75974,0.00108443,0.00108443,0.00108443
355,716.594,0.50873,0.84173,0.516,1.04484,0.76972,0.92857,0.88588,0.67404,0.63997,0.69404,0.63185,0.50922,1.02013,2.50185,0.92946,1.74499,0.00108278,0.00108278,0.00108278
356,718.559,0.53813,0.8684,0.45717,1.02381,0.7537,0.92857,0.88481,0.65081,0.68567,0.85714,0.7623,0.55861,1.01709,1.98213,0.88857,1.76733,0.00108113,0.00108113,0.00108113
357,720.493,0.49489,0.8905,0.42809,1.00961,0.79601,0.9242,0.88043,0.63983,0.72779,0.85361,0.74353,0.55334,1.00381,1.76204,0.87203,1.77548,0.00107948,0.00107948,0.00107948
358,722.493,0.47647,0.78569,0.41964,1.00706,0.80843,0.92857,0.86815,0.64358,0.80843,0.92857,0.86039,0.60249,0.94534,1.59626,0.83142,1.68749,0.00107783,0.00107783,0.00107783
359,724.444,0.48795,0.83063,0.40559,1.00326,0.82993,0.92857,0.89542,0.67759,0.82993,0.92857,0.89542,0.65377,0.84635,1.55988,0.76933,1.53568,0.00107618,0.00107618,0.00107618
360,726.509,0.47993,0.85119,0.44145,1.03993,0.80544,0.92857,0.86639,0.66254,0.83269,0.78571,0.80484,0.6064,0.82259,1.64802,0.84233,1.51387,0.00107453,0.00107453,0.00107453
361,728.49,0.53181,1.03666,0.47571,1.03732,0.81743,0.85714,0.88594,0.6903,0.69174,0.9233,0.8526,0.61456,0.7651,1.68154,0.81152,1.46054,0.00107288,0.00107288,0.00107288
362,730.41,0.45801,0.75096,0.40757,1.01474,0.9004,0.92857,0.90262,0.74409,0.9004,0.92857,0.90262,0.66544,0.73654,1.41011,0.76846,1.40713,0.00107123,0.00107123,0.00107123
363,732.356,0.48547,0.83226,0.39295,1.03306,0.89659,0.92857,0.91275,0.7512,0.89659,0.92857,0.91275,0.71256,0.73945,1.41165,0.7092,1.39872,0.00106958,0.00106958,0.00106958
364,734.688,0.43618,0.78852,0.39523,0.99205,0.81161,0.92857,0.91739,0.73801,0.81161,0.92857,0.91066,0.66741,0.77918,1.82539,0.72838,1.4215,0.00106793,0.00106793,0.00106793
365,736.755,0.45554,0.75012,0.4133,0.9995,0.88821,0.92792,0.93756,0.75761,0.88821,0.92792,0.9269,0.66977,0.79609,1.92301,0.72437,1.4163,0.00106628,0.00106628,0.00106628
366,738.786,0.44489,0.79888,0.41162,0.97329,0.86377,0.92857,0.93614,0.74795,0.86377,0.92857,0.93614,0.6582,0.78259,1.84102,0.76995,1.3905,0.00106463,0.00106463,0.00106463
367,740.744,0.45654,0.75232,0.39,0.96899,0.83153,0.92857,0.92697,0.77272,0.83153,0.92857,0.92967,0.65318,0.74424,1.7311,0.79485,1.27434,0.00106298,0.00106298,0.00106298
368,742.685,0.45592,0.77693,0.38492,0.98975,0.89349,0.92857,0.93038,0.73547,0.89349,0.92857,0.93038,0.63349,0.74786,1.58007,0.74153,1.29184,0.00106133,0.00106133,0.00106133
369,744.66,0.4648,0.79613,0.40498,1.01775,0.93832,0.92857,0.93171,0.75753,0.93832,0.92857,0.93171,0.64176,0.79645,1.39585,0.70491,1.37482,0.00105968,0.00105968,0.00105968
370,746.774,0.46289,0.72091,0.37614,1.0096,0.89173,0.91701,0.92162,0.74037,0.89173,0.91701,0.92162,0.65213,0.6908,1.31839,0.71811,1.34049,0.00105803,0.00105803,0.00105803
371,748.777,0.46154,0.80397,0.38362,1.00379,0.88995,0.85714,0.89589,0.70195,0.80221,0.78571,0.82776,0.57576,0.69245,1.87106,0.77703,1.36619,0.00105638,0.00105638,0.00105638
372,750.756,0.4682,0.76148,0.423,1.01512,0.8388,0.92515,0.86192,0.59195,0.70977,0.78571,0.65449,0.49927,0.96868,3.52537,0.75408,1.71353,0.00105473,0.00105473,0.00105473
373,752.675,0.50206,0.77543,0.41815,1.00308,0.87172,0.85714,0.84731,0.61022,0.79001,0.78571,0.73883,0.51236,0.96201,3.05911,0.70366,1.72533,0.00105308,0.00105308,0.00105308
374,754.696,0.57233,1.07645,0.46067,1.06421,0.87794,0.85714,0.8267,0.59997,0.87794,0.85714,0.81554,0.52248,0.94795,2.69219,0.7488,1.72259,0.00105143,0.00105143,0.00105143
375,756.791,0.49469,0.88653,0.45967,1.03445,0.94349,0.92857,0.939,0.6614,0.94349,0.92857,0.939,0.57952,0.77388,1.76607,0.80176,1.41325,0.00104978,0.00104978,0.00104978
376,758.846,0.52185,0.90455,0.41466,1.0528,0.94585,0.92857,0.9495,0.68621,0.94585,0.92857,0.9495,0.58895,0.81182,1.61076,0.62334,1.48317,0.00104813,0.00104813,0.00104813
377,760.908,0.515,0.98374,0.40895,1.02917,0.95696,0.92138,0.95382,0.68713,0.95696,0.92138,0.95382,0.58919,0.87048,1.76759,0.63077,1.57152,0.00104648,0.00104648,0.00104648
378,762.829,0.5514,0.87283,0.47176,1.05947,0.95535,0.92065,0.95079,0.69603,0.95535,0.92065,0.95079,0.58417,0.82415,1.73913,0.62216,1.50765,0.00104483,0.00104483,0.00104483
379,764.813,0.45952,0.69337,0.38573,0.9858,0.95865,0.92857,0.9446,0.7086,0.95865,0.92857,0.9446,0.58779,0.7971,1.69891,0.58564,1.52529,0.00104318,0.00104318,0.00104318
380,766.828,0.39225,0.65322,0.35492,0.93667,0.96521,0.92857,0.93425,0.72152,0.96521,0.92857,0.93425,0.60403,0.70367,1.51435,0.64206,1.33025,0.00104152,0.00104152,0.00104152
381,768.856,0.52549,1.05578,0.44174,1.03847,0.97645,0.92387,0.93543,0.69957,0.97645,0.92387,0.93543,0.626,0.70873,1.54174,0.64129,1.34117,0.00103987,0.00103987,0.00103987
382,770.862,0.4593,0.84785,0.41434,0.99619,0.95829,0.92857,0.92811,0.69365,0.95829,0.92857,0.92811,0.59725,0.73774,1.67846,0.65815,1.35531,0.00103822,0.00103822,0.00103822
383,772.773,0.47905,0.77716,0.42137,1.0276,0.94838,0.92857,0.9285,0.70148,0.94838,0.92857,0.9285,0.58859,0.74965,1.68762,0.69992,1.35549,0.00103657,0.00103657,0.00103657
384,774.776,0.49309,0.69242,0.3849,1.05865,0.96887,0.92857,0.93317,0.68577,0.96887,0.92857,0.93317,0.56461,0.83013,1.75712,0.75868,1.43969,0.00103492,0.00103492,0.00103492
385,776.776,0.46656,0.812,0.39414,1.00281,0.97537,0.92857,0.93051,0.68983,0.97537,0.92857,0.93051,0.60784,0.81926,1.5286,0.66644,1.39793,0.00103327,0.00103327,0.00103327
386,778.791,0.45589,0.6957,0.36952,1.00104,0.98477,0.92857,0.92979,0.6923,0.98477,0.92857,0.92979,0.59605,0.89744,1.59022,0.71736,1.50788,0.00103162,0.00103162,0.00103162
387,780.772,0.50972,0.6978,0.46271,1.03128,0.98047,0.92857,0.92969,0.6881,0.98047,0.92857,0.92969,0.59043,0.921,1.60693,0.68852,1.54927,0.00102997,0.00102997,0.00102997
388,782.722,0.45772,0.70172,0.38245,0.99966,0.96938,0.92815,0.93168,0.69833,0.96938,0.92815,0.93168,0.64426,0.96859,1.45998,0.73031,1.58116,0.00102832,0.00102832,0.00102832
389,784.712,0.47986,0.76013,0.35477,1.02121,0.9745,0.92857,0.93348,0.68419,0.9745,0.92857,0.93348,0.64688,0.9158,1.41327,0.65642,1.67781,0.00102667,0.00102667,0.00102667
390,786.688,0.49228,0.75089,0.37996,1.03258,0.98165,0.92857,0.93288,0.68555,0.98165,0.92857,0.93288,0.65294,0.91726,1.41062,0.69178,1.69089,0.00102502,0.00102502,0.00102502
391,788.672,0.44403,0.67239,0.37209,1.00189,0.97956,0.92857,0.93317,0.69997,0.97956,0.92857,0.93317,0.65386,0.8784,1.37484,0.73512,1.58051,0.00102337,0.00102337,0.00102337
392,790.624,0.43563,0.59899,0.34683,0.99379,0.98045,0.92857,0.93348,0.69271,0.98045,0.92857,0.93348,0.63511,0.94174,1.42922,0.73073,1.56824,0.00102172,0.00102172,0.00102172
393,792.575,0.38961,0.55269,0.31352,0.94338,0.9103,0.92857,0.93317,0.6686,0.9103,0.92857,0.93317,0.6292,0.84797,1.40378,0.81767,1.37588,0.00102007,0.00102007,0.00102007
394,794.559,0.48413,0.6535,0.36915,1.04437,0.90346,0.92857,0.91901,0.6905,0.90346,0.92857,0.89829,0.6328,0.84867,1.6841,0.82031,1.39824,0.00101842,0.00101842,0.00101842
395,796.552,0.48345,0.7619,0.44215,1.01896,0.93104,0.92857,0.9285,0.68398,0.9084,0.92857,0.89779,0.62406,0.9169,1.69047,0.81317,1.50017,0.00101677,0.00101677,0.00101677
396,798.511,0.46808,0.64795,0.37044,0.99266,0.99052,0.92857,0.92829,0.69186,0.99052,0.92857,0.92829,0.64269,0.93389,1.53807,0.737,1.54775,0.00101512,0.00101512,0.00101512
397,800.475,0.59927,0.8691,0.51105,1.14826,0.96824,0.92857,0.92783,0.69722,0.96824,0.92857,0.92783,0.64771,0.89249,1.50743,0.57209,1.57521,0.00101347,0.00101347,0.00101347
398,802.44,0.47414,0.72062,0.39059,0.99664,0.8282,0.92857,0.89881,0.6501,0.8282,0.92857,0.89881,0.63522,0.84594,1.32036,0.57149,1.57678,0.00101182,0.00101182,0.00101182
399,804.342,0.46718,0.68224,0.37894,0.98228,0.85082,0.85714,0.8123,0.68583,0.93544,0.92857,0.92798,0.64874,0.84124,1.34738,0.55374,1.57662,0.00101017,0.00101017,0.00101017
400,806.342,0.42506,0.67278,0.39132,0.95833,0.85256,0.84883,0.79991,0.65559,0.85256,0.84883,0.79991,0.58194,0.89647,1.45032,0.56581,1.61737,0.00100852,0.00100852,0.00100852
401,808.325,0.51847,0.75354,0.41554,1.02379,0.76656,0.85714,0.78178,0.66293,0.76656,0.85714,0.78178,0.60761,0.95553,1.22437,0.63145,1.72567,0.00100687,0.00100687,0.00100687
402,810.343,0.47425,0.64863,0.40225,0.98821,0.86979,0.83842,0.79893,0.617,0.86979,0.83842,0.79893,0.54979,1.03669,1.8962,0.66295,1.88542,0.00100522,0.00100522,0.00100522
403,812.424,0.50912,0.80059,0.42366,1.01836,0.96087,0.85714,0.92375,0.60756,0.96087,0.85714,0.92375,0.60209,0.941,1.43321,0.68581,1.71193,0.00100357,0.00100357,0.00100357
404,814.36,0.52248,0.66353,0.4753,1.07924,0.94583,0.92857,0.93254,0.70239,0.94583,0.92857,0.93254,0.66881,0.87139,1.15986,0.59309,1.5983,0.00100192,0.00100192,0.00100192
405,816.338,0.53374,0.70353,0.42692,1.02751,0.96396,0.92857,0.92714,0.68301,0.98411,0.84033,0.86492,0.65987,0.95077,1.29586,0.60537,1.64601,0.00100027,0.00100027,0.00100027
406,818.333,0.51025,0.67239,0.42809,1.00503,0.96792,0.92793,0.92716,0.6582,0.87902,0.85714,0.84682,0.62415,0.914,1.46411,0.62994,1.63723,0.000998616,0.000998616,0.000998616
407,820.313,0.48127,0.65074,0.37768,0.99142,0.96159,0.92857,0.92699,0.67145,0.98021,0.84547,0.86193,0.64112,0.94158,1.39541,0.66249,1.64593,0.000996966,0.000996966,0.000996966
408,822.393,0.49116,0.64709,0.40731,1.02844,0.96543,0.92857,0.92716,0.66356,0.9728,0.85714,0.88947,0.65313,0.93411,1.19516,0.71481,1.6043,0.000995316,0.000995316,0.000995316
409,824.418,0.45622,0.61838,0.37973,0.96695,0.93732,0.9194,0.92718,0.68355,0.93732,0.9194,0.92718,0.65288,0.82696,1.24105,0.81672,1.47523,0.000993665,0.000993665,0.000993665
410,826.374,0.51345,0.80675,0.38575,1.03746,0.93625,0.92231,0.92745,0.67614,0.93625,0.92231,0.92745,0.67303,0.81187,1.33919,0.79607,1.50318,0.000992015,0.000992015,0.000992015
411,828.309,0.57179,0.88129,0.46794,1.08749,0.93454,0.92857,0.9279,0.70678,0.93454,0.92857,0.9279,0.68031,0.82534,1.26982,0.69261,1.52505,0.000990365,0.000990365,0.000990365
412,830.31,0.48395,0.7532,0.36749,1.00424,0.96464,0.8552,0.91815,0.71263,0.96464,0.8552,0.91815,0.64807,0.80347,1.46542,0.68885,1.49109,0.000988714,0.000988714,0.000988714
413,832.358,0.45986,0.63987,0.39777,0.98085,0.85728,0.92776,0.91874,0.70116,0.85728,0.92776,0.91874,0.64456,0.86325,1.57752,0.66617,1.55971,0.000987064,0.000987064,0.000987064
414,834.332,0.48478,0.77223,0.39422,0.99917,0.92612,0.92295,0.92845,0.68353,0.94919,0.85714,0.91095,0.60613,0.88381,1.64018,0.83317,1.60982,0.000985414,0.000985414,0.000985414
415,836.305,0.57433,0.79157,0.44939,1.07731,0.95656,0.92857,0.92783,0.66398,0.95656,0.92857,0.92783,0.61921,1.0015,2.13749,0.70288,1.7981,0.000983763,0.000983763,0.000983763
416,838.239,0.53145,0.75746,0.40639,1.0091,0.88321,0.85714,0.82366,0.63689,0.88321,0.85714,0.84021,0.58425,1.02156,2.37282,0.76938,1.89102,0.000982113,0.000982113,0.000982113
417,840.247,0.49959,0.80173,0.41173,1.01494,0.95437,0.92857,0.92759,0.67948,0.95437,0.92857,0.92759,0.6712,0.92414,2.0242,0.70942,1.68166,0.000980463,0.000980463,0.000980463
418,842.258,0.46279,0.76878,0.40528,1.01262,0.94762,0.92453,0.92706,0.69212,0.94762,0.92453,0.92706,0.69069,0.87682,1.40833,0.86401,1.61609,0.000978812,0.000978812,0.000978812
419,844.257,0.50388,0.67327,0.38512,1.02209,0.93122,0.92639,0.9262,0.69106,0.93122,0.92639,0.9262,0.63872,0.84976,1.29225,0.75892,1.53424,0.000977162,0.000977162,0.000977162
420,846.208,0.44487,0.66726,0.34399,0.99212,0.95892,0.92857,0.92598,0.67278,0.87419,0.85714,0.797,0.57314,0.84623,1.51305,0.80584,1.5419,0.000975512,0.000975512,0.000975512
421,848.176,0.52619,0.75069,0.46663,1.0143,0.94476,0.92857,0.92613,0.66227,0.86204,0.85714,0.81098,0.58448,0.87388,1.65984,0.78238,1.6063,0.000973861,0.000973861,0.000973861
422,850.072,0.4751,0.75109,0.43389,1.02069,0.91385,0.92857,0.92649,0.69091,0.91385,0.92857,0.92649,0.61673,0.85437,1.67638,0.74978,1.54782,0.000972211,0.000972211,0.000972211
423,852.075,0.53165,0.71939,0.42454,1.0428,0.93044,0.92857,0.92657,0.66682,0.93044,0.92857,0.92657,0.59246,0.90903,2.0052,0.75365,1.56623,0.000970561,0.000970561,0.000970561
424,854.088,0.48534,0.70718,0.40827,1.00014,0.84198,0.92857,0.89555,0.68745,0.7697,0.85714,0.7756,0.54567,0.91007,2.7066,0.73021,1.60474,0.00096891,0.00096891,0.00096891
425,856.073,0.48719,0.73707,0.36423,0.98625,0.84536,0.92857,0.90614,0.6447,0.77336,0.85714,0.79791,0.54169,1.01109,2.58605,0.73515,1.65869,0.00096726,0.00096726,0.00096726
426,857.987,0.43982,0.70161,0.34578,0.97413,0.96987,0.92857,0.9262,0.7178,0.96987,0.92857,0.9262,0.59951,0.93203,2.28234,0.82639,1.51745,0.00096561,0.00096561,0.00096561
427,859.938,0.4843,0.69586,0.37724,0.99333,0.93404,0.91671,0.92666,0.74139,0.93404,0.91671,0.92666,0.67897,0.89966,1.81308,0.75612,1.43536,0.000963959,0.000963959,0.000963959
428,861.943,0.41276,0.60863,0.36151,0.94295,0.84496,0.92857,0.91708,0.75296,0.84496,0.92857,0.91708,0.72219,0.76358,1.67091,0.73647,1.32485,0.000962309,0.000962309,0.000962309
429,864.343,0.44631,0.68549,0.36179,1.01159,0.96329,0.85714,0.91723,0.76823,0.96329,0.85714,0.91723,0.716,0.74257,1.67867,0.80625,1.33978,0.000960659,0.000960659,0.000960659
430,866.737,0.4565,0.73638,0.37226,0.97437,0.96724,0.84318,0.91013,0.78919,0.96724,0.84318,0.87973,0.71074,0.72183,1.58809,0.85219,1.31842,0.000959008,0.000959008,0.000959008
431,869.027,0.43241,0.62387,0.34502,0.99621,0.84709,0.91991,0.89748,0.76853,0.87128,0.85714,0.84903,0.70212,0.72793,1.49545,0.76814,1.30008,0.000957358,0.000957358,0.000957358
432,871.008,0.52465,0.70651,0.40998,1.0471,0.87741,0.85714,0.88635,0.73941,0.87741,0.85714,0.88052,0.70939,0.67964,1.27271,0.76961,1.20092,0.000955708,0.000955708,0.000955708
433,873.034,0.38201,0.60617,0.36734,0.96683,0.87213,0.9185,0.91834,0.71482,0.87213,0.9185,0.91834,0.65553,0.75704,1.28645,0.847,1.24181,0.000954057,0.000954057,0.000954057
434,875.006,0.40595,0.65661,0.34682,0.94139,0.9779,0.90341,0.92908,0.67543,0.9779,0.90341,0.92908,0.62229,0.94576,1.33612,1.01541,1.4759,0.000952407,0.000952407,0.000952407
435,876.974,0.4818,0.67262,0.38067,1.0255,0.96095,0.91994,0.92861,0.66169,0.96095,0.91994,0.92861,0.59042,0.97711,1.45839,0.77757,1.59007,0.000950757,0.000950757,0.000950757
436,878.893,0.45369,0.78709,0.38432,1.02803,0.82804,0.85714,0.82399,0.65098,0.75588,0.78571,0.73307,0.55637,0.95607,2.03837,0.74108,1.67761,0.000949106,0.000949106,0.000949106
437,880.859,0.46004,0.67103,0.3765,0.98396,0.83046,0.85714,0.82284,0.62434,0.75899,0.71429,0.6787,0.54805,0.97856,2.26761,0.68664,1.76605,0.000947456,0.000947456,0.000947456
438,882.874,0.49016,0.76071,0.38837,1.01733,0.82977,0.85714,0.82345,0.66087,0.82977,0.85714,0.82039,0.58176,1.01273,1.84008,0.63551,1.75881,0.000945806,0.000945806,0.000945806
439,884.867,0.47541,0.71558,0.34766,0.98515,0.97581,0.92857,0.9273,0.66085,0.89212,0.85714,0.84548,0.61231,1.00455,1.32762,0.61549,1.67905,0.000944155,0.000944155,0.000944155
440,886.807,0.46153,0.6715,0.37482,0.98602,0.96655,0.92857,0.9329,0.70694,0.96655,0.92857,0.9329,0.65361,0.84547,1.03172,0.60846,1.47053,0.000942505,0.000942505,0.000942505
441,888.759,0.47251,0.76039,0.41103,1.01614,0.96796,0.92857,0.9495,0.73932,0.96796,0.92857,0.9495,0.63448,0.81515,1.07108,0.53257,1.45078,0.000940855,0.000940855,0.000940855
442,890.774,0.44778,0.66195,0.36329,0.96885,0.96738,0.92857,0.96583,0.73206,0.96738,0.92857,0.96583,0.65413,0.82797,1.1152,0.49001,1.48573,0.000939204,0.000939204,0.000939204
443,892.804,0.45155,0.60194,0.35686,1.02681,0.89943,0.92857,0.95269,0.69971,0.82767,0.85714,0.85426,0.64959,0.89718,1.62598,0.53482,1.58816,0.000937554,0.000937554,0.000937554
444,894.791,0.41992,0.65284,0.34751,0.98415,0.87713,0.85714,0.85246,0.68193,0.95373,0.85714,0.86412,0.60127,0.91271,1.92012,0.58696,1.64587,0.000935904,0.000935904,0.000935904
445,896.755,0.53423,0.9942,0.43029,1.06551,0.96534,0.92857,0.92934,0.70949,0.88293,0.85714,0.83398,0.63808,0.86759,1.78494,0.58027,1.62212,0.000934253,0.000934253,0.000934253
446,898.648,0.45678,0.66052,0.3785,0.99164,0.95477,0.92857,0.92721,0.70905,0.97288,0.84703,0.85855,0.65506,0.78917,1.52028,0.57338,1.49896,0.000932603,0.000932603,0.000932603
447,900.609,0.46689,0.75702,0.35714,0.99571,0.95386,0.92857,0.92675,0.6896,0.97132,0.84897,0.85782,0.63976,0.8216,1.52789,0.61508,1.51813,0.000930953,0.000930953,0.000930953
448,902.625,0.42727,0.64942,0.33291,0.96457,0.9464,0.92857,0.92685,0.68458,0.93857,0.85714,0.85799,0.6378,0.82143,1.52889,0.61793,1.46047,0.000929302,0.000929302,0.000929302
449,904.61,0.41803,0.75318,0.36003,0.96576,0.9296,0.92857,0.92718,0.70959,0.9328,0.85714,0.85852,0.64867,0.81106,1.4701,0.67157,1.3564,0.000927652,0.000927652,0.000927652
450,906.626,0.45332,0.63318,0.36765,1.00215,0.85125,0.92857,0.90766,0.75001,0.83366,0.85714,0.84761,0.67273,0.68268,1.4651,0.67391,1.22408,0.000926002,0.000926002,0.000926002
451,908.724,0.41301,0.72,0.32067,0.96985,0.9294,0.92857,0.92798,0.73046,0.9294,0.92857,0.92798,0.63012,0.73824,1.48047,0.63542,1.28171,0.000924352,0.000924352,0.000924352
452,910.657,0.38969,0.61674,0.32113,0.95352,0.94896,0.92378,0.92783,0.73029,0.94896,0.92378,0.92783,0.62343,0.80945,1.61122,0.61601,1.38751,0.000922701,0.000922701,0.000922701
453,912.611,0.40907,0.60996,0.332,0.96926,0.9448,0.92368,0.92751,0.68802,0.9448,0.92368,0.92751,0.62092,0.83322,1.6065,0.60367,1.454,0.000921051,0.000921051,0.000921051
454,914.624,0.46056,0.69483,0.36956,0.99284,0.94214,0.92342,0.93941,0.71247,0.94214,0.92342,0.93941,0.64367,0.82729,1.48396,0.55854,1.51224,0.000919401,0.000919401,0.000919401
455,916.609,0.44024,0.69179,0.3587,1.00599,0.95256,0.92415,0.94727,0.73819,0.95256,0.92415,0.94727,0.66709,0.77615,1.5208,0.49609,1.48325,0.00091775,0.00091775,0.00091775
456,918.605,0.46055,0.6437,0.36036,1.011,0.9734,0.92857,0.95222,0.73552,0.9734,0.92857,0.95222,0.67975,0.81527,1.60809,0.46506,1.57735,0.0009161,0.0009161,0.0009161
457,920.524,0.44387,0.67125,0.37972,0.97913,0.97401,0.92857,0.94133,0.70041,0.97401,0.92857,0.94133,0.64117,0.8605,1.56533,0.48702,1.6255,0.00091445,0.00091445,0.00091445
458,922.457,0.40864,0.64914,0.32877,0.95746,0.96407,0.92857,0.93725,0.70769,0.96407,0.92857,0.93725,0.65737,0.87411,1.60467,0.49922,1.60316,0.000912799,0.000912799,0.000912799
459,924.536,0.38023,0.61194,0.33609,0.96434,0.96881,0.92479,0.93407,0.70951,0.96881,0.92479,0.93407,0.65421,0.86829,1.67378,0.56107,1.53949,0.000911149,0.000911149,0.000911149
460,926.575,0.42372,0.73032,0.37395,1.03234,0.96393,0.92857,0.92845,0.70265,0.96393,0.92857,0.92845,0.65472,0.84139,1.6027,0.61954,1.4779,0.000909499,0.000909499,0.000909499
461,928.539,0.4587,0.67466,0.372,1.01965,0.96837,0.92857,0.92829,0.6961,0.96837,0.92857,0.92829,0.6759,0.86444,1.48117,0.7628,1.49203,0.000907848,0.000907848,0.000907848
462,930.486,0.4992,1.00302,0.44266,1.07793,0.95357,0.92857,0.92763,0.69989,0.95357,0.92857,0.92763,0.67533,0.90729,1.70551,0.80045,1.53622,0.000906198,0.000906198,0.000906198
463,932.508,0.47237,0.65055,0.36241,1.00106,0.92959,0.92857,0.92811,0.69066,0.92959,0.92857,0.92811,0.65421,0.93366,1.7842,0.8494,1.56337,0.000904548,0.000904548,0.000904548
464,934.47,0.44667,0.69987,0.35027,0.96192,0.96333,0.85714,0.91887,0.68666,0.82722,0.92401,0.90887,0.64382,0.99456,1.92741,0.83468,1.64338,0.000902897,0.000902897,0.000902897
465,936.474,0.43456,0.67031,0.35395,0.97876,0.97444,0.85714,0.91766,0.65776,0.8621,0.85083,0.90766,0.63406,0.94754,1.81186,0.6453,1.62375,0.000901247,0.000901247,0.000901247
466,938.454,0.4253,0.69601,0.38087,1.00365,0.95478,0.85473,0.91723,0.67653,0.95478,0.85473,0.91723,0.62899,0.92926,1.70789,0.54956,1.6238,0.000899597,0.000899597,0.000899597
467,940.374,0.44492,0.71911,0.34635,1.01226,0.9245,0.85371,0.91742,0.69467,0.9245,0.85371,0.91742,0.64736,0.90984,1.67634,0.59727,1.60542,0.000897946,0.000897946,0.000897946
468,942.328,0.4018,0.67384,0.34898,0.96208,0.86918,0.9173,0.92802,0.68917,0.86918,0.9173,0.92802,0.63305,0.89086,1.65931,0.62006,1.6215,0.000896296,0.000896296,0.000896296
469,944.324,0.42871,0.65887,0.33516,0.9732,0.90509,0.92857,0.9282,0.71861,0.90509,0.92857,0.9282,0.67565,0.88812,1.42151,0.63507,1.64254,0.000894646,0.000894646,0.000894646
470,946.324,0.46725,0.80124,0.37998,1.0365,0.91514,0.92857,0.90141,0.66473,0.91514,0.92857,0.90141,0.61169,0.91012,1.40925,0.60862,1.68488,0.000892995,0.000892995,0.000892995
471,948.304,0.46831,0.70414,0.37571,0.99928,0.91796,0.92857,0.90154,0.67921,0.91796,0.92857,0.90154,0.60247,0.92767,1.3664,0.60411,1.72145,0.000891345,0.000891345,0.000891345
472,950.274,0.4269,0.73296,0.34875,0.96581,0.91998,0.92857,0.90105,0.68436,0.91998,0.92857,0.90105,0.61899,0.88361,1.26435,0.614,1.67516,0.000889695,0.000889695,0.000889695
473,952.24,0.41846,0.63451,0.33008,0.96957,0.91191,0.92741,0.90975,0.7241,0.91191,0.92741,0.90975,0.66407,0.89499,1.31198,0.60069,1.64828,0.000888044,0.000888044,0.000888044
474,954.209,0.44003,0.98387,0.39881,0.97226,0.91691,0.92857,0.90102,0.71011,0.91691,0.92857,0.90102,0.66928,0.84116,1.40857,0.65746,1.59539,0.000886394,0.000886394,0.000886394
475,956.191,0.44013,0.71701,0.36255,0.99405,0.91902,0.92857,0.90141,0.70466,0.91902,0.92857,0.90141,0.65544,0.81162,1.33372,0.8898,1.56932,0.000884744,0.000884744,0.000884744
476,958.189,0.42562,0.57234,0.36192,0.97169,0.91583,0.92857,0.90115,0.70048,0.91583,0.92857,0.90115,0.67407,0.79881,1.19299,0.99425,1.5701,0.000883093,0.000883093,0.000883093
477,960.255,0.42163,0.58663,0.32683,0.98005,0.91689,0.92857,0.90977,0.70516,0.91689,0.92857,0.90977,0.68312,0.82211,1.2514,0.95862,1.5466,0.000881443,0.000881443,0.000881443
478,962.174,0.43515,0.70644,0.3721,0.99026,0.91879,0.92857,0.91796,0.70951,0.91879,0.92857,0.91796,0.69906,0.83034,1.25495,0.90821,1.60919,0.000879793,0.000879793,0.000879793
479,964.156,0.40517,0.59751,0.35871,0.98619,0.92449,0.92857,0.92652,0.69053,0.92449,0.92857,0.92652,0.67697,0.82037,1.22734,0.89977,1.6256,0.000878142,0.000878142,0.000878142
480,966.14,0.42865,0.58058,0.32544,0.98716,0.91038,0.92857,0.92632,0.67664,0.91038,0.92857,0.92632,0.63387,0.87152,1.24268,0.875,1.73085,0.000876492,0.000876492,0.000876492
481,968.123,0.43338,0.71571,0.34031,1.01628,0.92473,0.92221,0.92626,0.66718,0.92473,0.92221,0.92626,0.63095,0.89101,1.31132,0.90287,1.74546,0.000874842,0.000874842,0.000874842
482,970.206,0.41632,0.57822,0.34612,0.9843,0.92963,0.92857,0.92615,0.66314,0.84706,0.85714,0.82102,0.61762,0.88804,1.47269,0.78743,1.70552,0.000873191,0.000873191,0.000873191
483,972.128,0.42678,0.58669,0.32575,0.98398,0.92867,0.92857,0.92609,0.67049,0.92867,0.92857,0.92609,0.6168,0.85006,1.58349,0.68553,1.63554,0.000871541,0.000871541,0.000871541
484,974.092,0.41143,0.65324,0.32679,0.97552,0.94989,0.92857,0.9312,0.65599,0.94989,0.92857,0.9312,0.62881,0.84024,1.57005,0.69491,1.60719,0.000869891,0.000869891,0.000869891
485,976.106,0.46078,0.67252,0.39558,1.0028,0.96288,0.92726,0.95222,0.69684,0.96288,0.92726,0.95222,0.63917,0.82726,1.49538,0.60588,1.64129,0.00086824,0.00086824,0.00086824
486,978.059,0.40221,0.61212,0.34315,0.96566,0.96888,0.92857,0.96269,0.71476,0.96888,0.92857,0.96269,0.64676,0.82772,1.57243,0.58062,1.66655,0.00086659,0.00086659,0.00086659
487,980.076,0.42711,0.68965,0.35239,0.98828,0.95025,0.92857,0.93221,0.70936,0.95025,0.92857,0.93221,0.64793,0.87331,1.82008,0.56863,1.67355,0.00086494,0.00086494,0.00086494
488,981.972,0.44806,0.64974,0.34407,0.98861,0.96066,0.92857,0.93027,0.72621,0.96066,0.92857,0.93027,0.65791,0.82029,1.89507,0.57426,1.60729,0.000863289,0.000863289,0.000863289
489,983.956,0.41756,0.70216,0.33605,0.96162,0.96898,0.92857,0.9321,0.73143,0.96898,0.92857,0.9321,0.67336,0.84225,1.92692,0.55884,1.65246,0.000861639,0.000861639,0.000861639
490,985.941,0.441,0.62718,0.33402,0.96738,0.98788,0.92857,0.93136,0.71178,0.98788,0.92857,0.93136,0.66343,0.84847,1.6001,0.62233,1.67182,0.000859989,0.000859989,0.000859989
491,987.914,0.37377,0.58757,0.30911,0.94908,0.9817,0.91587,0.92908,0.69317,0.8239,0.85714,0.78377,0.60439,0.83061,1.73277,0.62365,1.5577,0.000858338,0.000858338,0.000858338
492,989.905,0.42029,0.6438,0.34906,0.97078,0.95091,0.92781,0.92976,0.63743,0.8652,0.85714,0.80127,0.59259,0.8895,2.61673,0.62584,1.65077,0.000856688,0.000856688,0.000856688
493,991.891,0.43036,0.60676,0.34086,0.97921,0.93575,0.92849,0.92712,0.65946,0.85046,0.85714,0.82258,0.59418,0.90011,2.57123,0.69963,1.57453,0.000855038,0.000855038,0.000855038
494,993.941,0.43044,0.67481,0.33707,0.98878,0.92916,0.92857,0.92723,0.70892,0.92916,0.92857,0.92723,0.66766,0.83731,1.72402,0.67201,1.54046,0.000853387,0.000853387,0.000853387
495,995.954,0.47564,0.63169,0.3801,1.01606,0.92926,0.9285,0.9273,0.69952,0.92926,0.9285,0.9273,0.65734,0.88261,1.64187,0.71952,1.58362,0.000851737,0.000851737,0.000851737
496,997.904,0.5186,0.8464,0.39147,1.0518,0.93284,0.92595,0.92723,0.70961,0.93284,0.92595,0.92723,0.66423,0.86377,1.81589,0.7203,1.5158,0.000850087,0.000850087,0.000850087
497,999.907,0.48825,0.857,0.39821,1.03645,0.97089,0.92857,0.92763,0.72101,0.97089,0.92857,0.92763,0.61491,0.80753,2.07273,0.75486,1.47238,0.000848436,0.000848436,0.000848436
498,1001.82,0.42993,0.746,0.3198,0.96033,0.95732,0.92647,0.92794,0.7229,0.87161,0.85714,0.8239,0.5965,0.81528,2.27492,0.6844,1.46454,0.000846786,0.000846786,0.000846786
499,1003.82,0.5184,0.80885,0.3838,1.04349,0.91818,0.92857,0.91029,0.66098,0.83488,0.85714,0.80616,0.54481,0.86003,2.34775,0.80355,1.50984,0.000845136,0.000845136,0.000845136
500,1005.82,0.47341,0.72546,0.3775,1.00872,0.83609,0.85714,0.81287,0.64717,0.75308,0.78571,0.70561,0.49299,0.92782,4.30507,0.85252,1.70622,0.000843485,0.000843485,0.000843485
501,1007.77,0.55152,0.87761,0.42097,1.04229,0.83395,0.85714,0.80908,0.66275,0.75104,0.78571,0.71575,0.51581,0.79761,4.13622,0.93383,1.51956,0.000841835,0.000841835,0.000841835
502,1009.82,0.47784,0.70758,0.38278,1.0379,0.92704,0.92857,0.9104,0.6691,0.84421,0.85714,0.79467,0.59132,0.83616,2.08679,0.93154,1.60093,0.000840185,0.000840185,0.000840185
503,1011.75,0.46034,0.5982,0.33942,0.97334,0.93254,0.92857,0.92776,0.66095,0.8498,0.85714,0.81194,0.59885,0.90937,2.1336,0.85594,1.71498,0.000838534,0.000838534,0.000838534
504,1013.71,0.45342,0.66594,0.394,0.98229,0.94057,0.85714,0.85987,0.66585,0.89719,0.85714,0.81237,0.58633,0.94196,2.22104,0.81127,1.8054,0.000836884,0.000836884,0.000836884
505,1015.77,0.44414,0.796,0.36455,1.00727,0.93244,0.85714,0.8617,0.65283,0.88293,0.85714,0.82587,0.60998,0.97512,2.13277,0.84404,1.76995,0.000835234,0.000835234,0.000835234
506,1017.75,0.39803,0.60775,0.32314,0.95101,0.89666,0.92857,0.90455,0.69866,0.89666,0.92857,0.90455,0.62487,0.9077,1.77173,0.95543,1.58434,0.000833583,0.000833583,0.000833583
507,1019.71,0.44534,0.65471,0.36319,0.98111,0.90707,0.92857,0.878,0.67257,0.90707,0.92857,0.878,0.60619,0.91153,1.58614,0.96016,1.55501,0.000831933,0.000831933,0.000831933
508,1021.61,0.44233,0.65706,0.35206,0.97424,0.85216,0.92857,0.87783,0.6619,0.85216,0.92857,0.87783,0.57859,0.78284,1.74026,0.97935,1.42042,0.000830283,0.000830283,0.000830283
509,1023.64,0.41414,0.58298,0.33155,0.96001,0.92334,0.92857,0.87836,0.72919,0.92334,0.92857,0.87836,0.59114,0.72389,1.78995,0.84597,1.36981,0.000828632,0.000828632,0.000828632
510,1025.72,0.4176,0.61288,0.33875,0.97169,0.92458,0.92857,0.88797,0.73077,0.84246,0.85714,0.78663,0.60258,0.77266,1.77398,0.73218,1.39063,0.000826982,0.000826982,0.000826982
511,1027.75,0.45026,0.67455,0.33288,1.00826,0.81208,0.78571,0.81797,0.72622,0.67575,0.78571,0.74949,0.61916,0.79535,1.58762,0.66368,1.43721,0.000825332,0.000825332,0.000825332
512,1029.69,0.47725,0.65811,0.35451,1.02144,0.83872,0.85714,0.83354,0.72998,0.75729,0.78571,0.76484,0.65791,0.85678,1.63181,0.53729,1.52203,0.000823681,0.000823681,0.000823681
513,1031.61,0.42401,0.57379,0.35853,0.99053,0.90141,0.85714,0.8389,0.70127,0.90141,0.85714,0.8389,0.59081,0.91446,1.77977,0.47989,1.60872,0.000822031,0.000822031,0.000822031
514,1033.54,0.43303,0.5812,0.33384,0.99248,0.90363,0.85714,0.86679,0.69587,0.90363,0.85714,0.82877,0.58223,0.96867,1.98037,0.49237,1.71466,0.000820381,0.000820381,0.000820381
515,1035.66,0.46869,0.71728,0.37013,0.99373,0.90533,0.85714,0.86747,0.68315,0.90533,0.85714,0.86747,0.60609,1.00286,1.6534,0.46992,1.75198,0.00081873,0.00081873,0.00081873
516,1037.69,0.44175,0.6425,0.34689,0.99799,0.98939,0.92857,0.9326,0.71606,0.91035,0.85714,0.86725,0.64424,0.93386,1.43301,0.5015,1.67219,0.00081708,0.00081708,0.00081708
517,1039.67,0.44218,0.6352,0.32911,0.98138,0.90691,0.85714,0.84268,0.69793,0.90691,0.85714,0.84268,0.64158,0.97682,1.37411,0.52236,1.78991,0.00081543,0.00081543,0.00081543
518,1041.62,0.46523,0.67087,0.42962,1.01173,0.90787,0.85714,0.81896,0.64518,0.90787,0.85714,0.81896,0.59314,1.08678,1.44428,0.52106,1.96412,0.000813779,0.000813779,0.000813779
519,1043.57,0.54577,0.74929,0.4244,1.12387,0.90397,0.85714,0.81795,0.64416,0.90397,0.85714,0.81795,0.57733,1.03961,1.38429,0.51862,1.9085,0.000812129,0.000812129,0.000812129
520,1045.56,0.4929,0.75829,0.41341,1.02129,0.89731,0.85714,0.81596,0.6601,0.81633,0.78571,0.73503,0.606,0.93529,1.3936,0.54341,1.76201,0.000810479,0.000810479,0.000810479
521,1047.56,0.48391,0.65101,0.37722,1.00318,0.90191,0.85714,0.82763,0.68219,0.81963,0.78571,0.75253,0.6198,0.93543,1.51066,0.53764,1.72864,0.000808828,0.000808828,0.000808828
522,1049.59,0.47175,0.60216,0.34752,1.02882,0.88387,0.85714,0.83823,0.71854,0.80085,0.78571,0.77485,0.6468,0.94157,1.30101,0.49434,1.69279,0.000807178,0.000807178,0.000807178
523,1051.51,0.44313,0.66929,0.35465,0.97664,0.97524,0.92857,0.92908,0.73088,0.99012,0.84122,0.86158,0.65356,0.87271,1.27842,0.60811,1.50969,0.000805528,0.000805528,0.000805528
524,1053.46,0.40933,0.54291,0.32174,0.96695,0.96859,0.92857,0.92969,0.71416,0.97854,0.85714,0.87795,0.66021,0.84449,1.27282,0.67756,1.43049,0.000803877,0.000803877,0.000803877
525,1055.45,0.48252,0.77948,0.37655,0.98302,0.95489,0.85714,0.9213,0.6959,0.95489,0.85714,0.8893,0.62946,0.8662,1.30133,0.80351,1.46169,0.000802227,0.000802227,0.000802227
526,1057.51,0.42423,0.72807,0.35549,1.01706,0.92185,0.85714,0.92211,0.69102,0.92185,0.85714,0.92211,0.65049,0.84176,1.18465,0.87626,1.47044,0.000800577,0.000800577,0.000800577
527,1059.45,0.3917,0.56559,0.31091,0.93998,0.83019,0.92857,0.89564,0.6675,0.83019,0.92857,0.89564,0.63917,0.81363,1.19441,0.95584,1.49883,0.000798926,0.000798926,0.000798926
528,1061.37,0.46948,0.6827,0.37226,0.99974,0.92221,0.92857,0.87856,0.66038,0.92221,0.92857,0.87856,0.6285,0.82127,1.24222,1.01218,1.49297,0.000797276,0.000797276,0.000797276
529,1063.33,0.39447,0.57444,0.3201,0.92789,0.91871,0.92593,0.87783,0.67351,0.91871,0.92593,0.87783,0.64908,0.8153,1.29993,1.03347,1.40785,0.000795626,0.000795626,0.000795626
530,1065.32,0.42759,0.62366,0.3345,0.96467,0.91554,0.92857,0.87753,0.67631,0.91554,0.92857,0.87753,0.61558,0.83362,1.37933,1.15997,1.37674,0.000793975,0.000793975,0.000793975
